id,scope,status,work_packets,case_ids,scenario,expected,source,source_line,notes
ACC-A01,CP6_INHERITED,UPSTREAM_ACCEPTANCE_PENDING,P09;P12,E05;E24,"1, 5, 7, 11, 12, 13, 29 PCS; input lusin+PCS dan Total PCS",PCS exact; representasi berbeda memberi jumlah dan nominal yang sama menurut policy,ERP_V3_2_Master_Pulih_20260923.md,5254,Original oracle retained; current D01/D06/C6/BE policy and approved dispositions govern. Not a new CP7 test claim.
ACC-A02,CP6_INHERITED,UPSTREAM_ACCEPTANCE_PENDING,P09;P12,E05;E24,Stok tinggal 7; permintaan 7 dan 8,"7 sah; 8 ditolak utuh, tidak silently diubah menjadi 7",ERP_V3_2_Master_Pulih_20260923.md,5255,Original oracle retained; current D01/D06/C6/BE policy and approved dispositions govern. Not a new CP7 test claim.
ACC-A03,CP6_INHERITED,UPSTREAM_ACCEPTANCE_PENDING,P09;P12,E05;E24,"Faktor 12, gross 144, pack dengan conversion snapshot",Tidak merusak satuan yang sah; unknown/mismatched conversion ditolak,ERP_V3_2_Master_Pulih_20260923.md,5256,Original oracle retained; current D01/D06/C6/BE policy and approved dispositions govern. Not a new CP7 test claim.
ACC-A04,CP6_INHERITED,UPSTREAM_ACCEPTANCE_PENDING,P09;P12,E05;E24,"COUNT negatif, nol, kosong, pecahan PCS, NaN/Infinity, overflow, format ambigu",Ditolak tanpa residue; invalid bukan diubah menjadi 0/angka positif,ERP_V3_2_Master_Pulih_20260923.md,5257,Original oracle retained; current D01/D06/C6/BE policy and approved dispositions govern. Not a new CP7 test claim.
ACC-A05,CP6_INHERITED,UPSTREAM_ACCEPTANCE_PENDING,P09;P12,E05;E24,Material meter/kg,Perilaku decimal yang sah tetap utuh; tidak terkena aturan PCS bulat,ERP_V3_2_Master_Pulih_20260923.md,5258,Original oracle retained; current D01/D06/C6/BE policy and approved dispositions govern. Not a new CP7 test claim.
ACC-A06,CP6_INHERITED,UPSTREAM_ACCEPTANCE_PENDING,P09;P12,E05;E24,"Harga berubah, draft berganti tanggal/mandor, posting setelah preview stale",Harga/version/waktu direvalidasi; operator tidak mendapat tagihan berbeda secara silent,ERP_V3_2_Master_Pulih_20260923.md,5259,Original oracle retained; current D01/D06/C6/BE policy and approved dispositions govern. Not a new CP7 test claim.
ACC-A07,CP6_INHERITED,UPSTREAM_ACCEPTANCE_PENDING,P09;P12,E05;E24,"Nota posted legacy, payroll dan reversal lama sebelum/sesudah upgrade","Quantity, nominal, journal, outstanding dan histori exact; tidak recompute generated lama",ERP_V3_2_Master_Pulih_20260923.md,5260,Original oracle retained; current D01/D06/C6/BE policy and approved dispositions govern. Not a new CP7 test claim.
ACC-A08,CP6_INHERITED,UPSTREAM_ACCEPTANCE_PENDING,P09;P12,E05;E24,"Multi-line, retur sebagian berulang, reversal penuh, batas sen",Line/document/journal/subledger cocok; credit kumulatif capped dan full inverse exact,ERP_V3_2_Master_Pulih_20260923.md,5261,Original oracle retained; current D01/D06/C6/BE policy and approved dispositions govern. Not a new CP7 test claim.
ACC-B01,CP6_INHERITED,UPSTREAM_ACCEPTANCE_PENDING,P09,E03;E24,Transfer 120 dari stok 1.000,Gudang 880 + pos120; total1.000; tidak ada kasbon/reimburse/biaya baru,ERP_V3_2_Master_Pulih_20260923.md,5267,Original oracle retained; current D01/D06/C6/BE policy and approved dispositions govern. Not a new CP7 test claim.
ACC-B02,CP6_INHERITED,UPSTREAM_ACCEPTANCE_PENDING,P09,E03;E24,Pemakaian95 lalu kembali25,Stok akhir905; pemakaian95; pengembalian tidak membuat income/pembelian,ERP_V3_2_Master_Pulih_20260923.md,5268,Original oracle retained; current D01/D06/C6/BE policy and approved dispositions govern. Not a new CP7 test claim.
ACC-B03,CP6_INHERITED,UPSTREAM_ACCEPTANCE_PENDING,P09,E03;E24,Pemakaian langsung3 tanpa pos,Stok−3 dari lokasi benar; biaya purpose sekali; tidak membuat entitlement,ERP_V3_2_Master_Pulih_20260923.md,5269,Original oracle retained; current D01/D06/C6/BE policy and approved dispositions govern. Not a new CP7 test claim.
ACC-B04,CP6_INHERITED,UPSTREAM_ACCEPTANCE_PENDING,P09,E03;E24,Transfer backdate + invoice biaya susulan,Qty/net value/average tidak berubah semu; tanggal sesuai kontrak,ERP_V3_2_Master_Pulih_20260923.md,5270,Original oracle retained; current D01/D06/C6/BE policy and approved dispositions govern. Not a new CP7 test claim.
ACC-B05,CP6_INHERITED,UPSTREAM_ACCEPTANCE_PENDING,P09,E03;E24,Lokasi inactive/tidak berizin/sama atau tipe tidak didukung,"Penolakan jelas dan atomik, bukan grant bypass",ERP_V3_2_Master_Pulih_20260923.md,5271,Original oracle retained; current D01/D06/C6/BE policy and approved dispositions govern. Not a new CP7 test claim.
ACC-B06,CP6_INHERITED,UPSTREAM_ACCEPTANCE_PENDING,P09,E03;E24,Rekap beberapa hari dan selisih opname,Tanggal nyata dipertahankan; selisih tak diketahui tidak dilabeli penggunaan pasti,ERP_V3_2_Master_Pulih_20260923.md,5272,Original oracle retained; current D01/D06/C6/BE policy and approved dispositions govern. Not a new CP7 test claim.
ACC-B07,CP6_INHERITED,UPSTREAM_ACCEPTANCE_PENDING,P09,E03;E24,Pembelian/penerimaan sah → transfer/pemakaian/nota → retur/settlement → laporan,Satu alur integrasi memakai source bisnis nyata pada disposable; stock/value/journal reconcile dari awal sampai akhir,ERP_V3_2_Master_Pulih_20260923.md,5273,Original oracle retained; current D01/D06/C6/BE policy and approved dispositions govern. Not a new CP7 test claim.
ACC-C01,CP6_INHERITED,UPSTREAM_ACCEPTANCE_PENDING,P10;P13,E03;E04;E13,"Terima100, inspeksi80 layak+20 rusak",Jumlah fisik tidak bertambah lagi saat inspeksi; hanya80 eligible issue,ERP_V3_2_Master_Pulih_20260923.md,5279,Original oracle retained; current D01/D06/C6/BE policy and approved dispositions govern. Not a new CP7 test claim.
ACC-C02,CP6_INHERITED,UPSTREAM_ACCEPTANCE_PENDING,P10;P13,E03;E04;E13,Inspeksi parsial dan dua pemeriksa,Total klasifikasi≤received; sisa terlihat; tidak over-inspect/double accept,ERP_V3_2_Master_Pulih_20260923.md,5280,Original oracle retained; current D01/D06/C6/BE policy and approved dispositions govern. Not a new CP7 test claim.
ACC-C03,CP6_INHERITED,UPSTREAM_ACCEPTANCE_PENDING,P10;P13,E03;E04;E13,Source return yang sama dipakai lagi lewat request baru,Kapasitas source menolak double recovery; idempotency saja tidak cukup,ERP_V3_2_Master_Pulih_20260923.md,5281,Original oracle retained; current D01/D06/C6/BE policy and approved dispositions govern. Not a new CP7 test claim.
ACC-C04,CP6_INHERITED,UPSTREAM_ACCEPTANCE_PENDING,P10;P13,E03;E04;E13,Sisa baru vs retur nota berbayar vs bongkaran,Efek finansial berbeda sesuai sumber; tidak tertukar,ERP_V3_2_Master_Pulih_20260923.md,5282,Original oracle retained; current D01/D06/C6/BE policy and approved dispositions govern. Not a new CP7 test claim.
ACC-C05,CP6_INHERITED,UPSTREAM_ACCEPTANCE_PENDING,P10;P13,E03;E04;E13,Nilai bekas belum sah,Qty/custody jelas; no fake zero/income; tidak dijual/issued sebagai stok ready,ERP_V3_2_Master_Pulih_20260923.md,5283,Original oracle retained; current D01/D06/C6/BE policy and approved dispositions govern. Not a new CP7 test claim.
ACC-C06,CP6_INHERITED,UPSTREAM_ACCEPTANCE_PENDING,P10;P13,E03;E04;E13,"Ganti merek100, aksesori baru100, bongkaran80+20",FG source−100/target+100; stok detail benar; biaya sekali; no new BOM reimbursement,ERP_V3_2_Master_Pulih_20260923.md,5284,Original oracle retained; current D01/D06/C6/BE policy and approved dispositions govern. Not a new CP7 test claim.
ACC-C07,CP6_INHERITED,UPSTREAM_ACCEPTANCE_PENDING,P10;P13,E03;E04;E13,Biaya label manual + baris aksesori otomatis yang sama,Double charge diblok; jasa sah tetap dapat terpisah,ERP_V3_2_Master_Pulih_20260923.md,5285,Original oracle retained; current D01/D06/C6/BE policy and approved dispositions govern. Not a new CP7 test claim.
ACC-C08,CP6_INHERITED,UPSTREAM_ACCEPTANCE_PENDING,P10;P13,E03;E04;E13,Return baru tiba setelah conversion; ada sale/return/konversi turunan,Source/valuation correction tertaut; HPP/COGS/GL cocok atau pending yang jujur,ERP_V3_2_Master_Pulih_20260923.md,5286,Original oracle retained; current D01/D06/C6/BE policy and approved dispositions govern. Not a new CP7 test claim.
ACC-C09,CP6_INHERITED,UPSTREAM_ACCEPTANCE_PENDING,P10;P13,E03;E04;E13,Retur mandor sesudah payroll partial/lunas,Tidak melebihi qty/nominal sumber; tidak mengubah histori settlement tanpa correction,ERP_V3_2_Master_Pulih_20260923.md,5287,Original oracle retained; current D01/D06/C6/BE policy and approved dispositions govern. Not a new CP7 test claim.
ACC-C10,CP6_INHERITED,UPSTREAM_ACCEPTANCE_PENDING,P10;P13,E03;E04;E13,Garment servis masih milik pelanggan,Tidak menambah FG perusahaan/AR/refund atau entitlement produksi,ERP_V3_2_Master_Pulih_20260923.md,5288,Original oracle retained; current D01/D06/C6/BE policy and approved dispositions govern. Not a new CP7 test claim.
ACC-C11,CP6_INHERITED,UPSTREAM_ACCEPTANCE_PENDING,P10;P13,E03;E04;E13,"Fisik kembali dahulu, inspeksi akhir tahun; atau fisik baru kembali akhir tahun",Kedua pola menghasilkan tanggal/posisi/availability yang benar,ERP_V3_2_Master_Pulih_20260923.md,5289,Original oracle retained; current D01/D06/C6/BE policy and approved dispositions govern. Not a new CP7 test claim.
ACC-C12,CP6_INHERITED,UPSTREAM_ACCEPTANCE_PENDING,P10;P13,E03;E04;E13,"Opname baseline historis, sumber tidak lengkap",Tidak menciptakan nota palsu/double stock; value pending tidak dianggap selesai,ERP_V3_2_Master_Pulih_20260923.md,5290,Original oracle retained; current D01/D06/C6/BE policy and approved dispositions govern. Not a new CP7 test claim.
ACC-D01,CP6_INHERITED,UPSTREAM_ACCEPTANCE_PENDING,P18;P19,E10;E12;E14;E21,"Dua sesi issue/pemakaian pada stok7, masing-masing ambil4",Satu menang; yang lain menolak atomik; saldo tidak negatif,ERP_V3_2_Master_Pulih_20260923.md,5296,Original oracle retained; current D01/D06/C6/BE policy and approved dispositions govern. Not a new CP7 test claim.
ACC-D02,CP6_INHERITED,UPSTREAM_ACCEPTANCE_PENDING,P18;P19,E10;E12;E14;E21,Transfer vs issue/pemakaian lokasi sama,Lock bersama efektif; barang tidak dikeluarkan dua kali,ERP_V3_2_Master_Pulih_20260923.md,5297,Original oracle retained; current D01/D06/C6/BE policy and approved dispositions govern. Not a new CP7 test claim.
ACC-D03,CP6_INHERITED,UPSTREAM_ACCEPTANCE_PENDING,P18;P19,E10;E12;E14;E21,"Posting vs edit DRAFT, harga/UOM berubah ketika menunggu lock",State terbaru dinilai; posted immutable; tidak menggunakan snapshot stale,ERP_V3_2_Master_Pulih_20260923.md,5298,Original oracle retained; current D01/D06/C6/BE policy and approved dispositions govern. Not a new CP7 test claim.
ACC-D04,CP6_INHERITED,UPSTREAM_ACCEPTANCE_PENDING,P18;P19,E10;E12;E14;E21,"Return/inspection vs return lain, payroll, reversal source",Tidak over-credit/over-capacity; tidak ada orphan,ERP_V3_2_Master_Pulih_20260923.md,5299,Original oracle retained; current D01/D06/C6/BE policy and approved dispositions govern. Not a new CP7 test claim.
ACC-D05,CP6_INHERITED,UPSTREAM_ACCEPTANCE_PENDING,P18;P19,E10;E12;E14;E21,"Request sama ulang, key sama payload beda, timeout setelah commit",Replay tepat; mismatch ditolak; refetch bukan posting UUID baru,ERP_V3_2_Master_Pulih_20260923.md,5300,Original oracle retained; current D01/D06/C6/BE policy and approved dispositions govern. Not a new CP7 test claim.
ACC-D06,CP6_INHERITED,UPSTREAM_ACCEPTANCE_PENDING,P18;P19,E10;E12;E14;E21,"Null/inactive role, revocation, lintas lokasi/source, direct table/API",Penolakan nyata melalui Auth/HTTP; tidak hanya fixture OWNER,ERP_V3_2_Master_Pulih_20260923.md,5301,Original oracle retained; current D01/D06/C6/BE policy and approved dispositions govern. Not a new CP7 test claim.
ACC-D07,CP6_INHERITED,UPSTREAM_ACCEPTANCE_PENDING,P18;P19,E10;E12;E14;E21,Kesalahan sengaja di tengah command multi-line,Semua efek domain rollback; boundary/residue terbukti,ERP_V3_2_Master_Pulih_20260923.md,5302,Original oracle retained; current D01/D06/C6/BE policy and approved dispositions govern. Not a new CP7 test claim.
ACC-D08,CP6_INHERITED,UPSTREAM_ACCEPTANCE_PENDING,P18;P19,E10;E12;E14;E21,"Tanggal WIB lintas UTC, backdate dan closed period",Physical/system/book dates tidak tertukar; report as-of tidak false READY,ERP_V3_2_Master_Pulih_20260923.md,5303,Original oracle retained; current D01/D06/C6/BE policy and approved dispositions govern. Not a new CP7 test claim.
ACC-D09,CP6_INHERITED,UPSTREAM_ACCEPTANCE_PENDING,P18;P19,E10;E12;E14;E21,"Desktop/HP, reload, double click, empty/error/loading, 7PCS tanggung","UI terhubung RPC benar, saldo server terlihat, tidak seed/local fallback",ERP_V3_2_Master_Pulih_20260923.md,5304,Original oracle retained; current D01/D06/C6/BE policy and approved dispositions govern. Not a new CP7 test claim.
ACC-D10,CP6_INHERITED,UPSTREAM_ACCEPTANCE_PENDING,P18;P19,E10;E12;E14;E21,Refetch gagal sesudah commit,Pesan dan lock state benar; retry aman; tidak klaim transaksi gagal,ERP_V3_2_Master_Pulih_20260923.md,5305,Original oracle retained; current D01/D06/C6/BE policy and approved dispositions govern. Not a new CP7 test claim.
ACC-D11,CP6_INHERITED,UPSTREAM_ACCEPTANCE_PENDING,P18;P19,E10;E12;E14;E21,"Upgrade/replay refusal, rollback sebelum/sesudah use, exact restore","Definisi/owner/ACL/trigger/data/marker/orphan terverifikasi, guard tidak dilonggarkan",ERP_V3_2_Master_Pulih_20260923.md,5306,Original oracle retained; current D01/D06/C6/BE policy and approved dispositions govern. Not a new CP7 test claim.
ACC-D12,CP6_INHERITED,UPSTREAM_ACCEPTANCE_PENDING,P18;P19,E10;E12;E14;E21,Performa query/history dan daftar besar,Pagination/search server; tidak memuat semua histori atau menghitung saldo di browser,ERP_V3_2_Master_Pulih_20260923.md,5307,Original oracle retained; current D01/D06/C6/BE policy and approved dispositions govern. Not a new CP7 test claim.
ALL-A01,CP6_INHERITED,UPSTREAM_ACCEPTANCE_PENDING,P12;P13,E05;E06,uang muka supplier/pelanggan/vendor laundry,Import with honest provenance and supported continuation; reconcile quantity/value/source/permission and no invented history. aksi PREPAYMENT → `manage_initial_prepayment_v1` (BA): APPLY/REVERSE_PAYMENT/REFUND/CORRECT/REVERSE_EVENT,repo:docs/cp6-au-r1-handoff.md,2288,"Scope inventory §29.6 is historical, not current MAPPED/NO_ADAPTER verdict. Later BB/BC/BD/BE and ALL-C04 errata supersede status; acceptance still CP6 gate."
ALL-A02,CP6_INHERITED,UPSTREAM_ACCEPTANCE_PENDING,P12;P13,E05;E06,kasbon mandor dipotong payroll,Import with honest provenance and supported continuation; reconcile quantity/value/source/permission and no invented history. ALLOCATE_CASH_ADVANCE → `set_opening_cash_advance_payroll_v1` (AP:4936) → potongan payroll; bayar `post_payroll_payment`; tunai lewat OSS,repo:docs/cp6-au-r1-handoff.md,2289,"Scope inventory §29.6 is historical, not current MAPPED/NO_ADAPTER verdict. Later BB/BC/BD/BE and ALL-C04 errata supersede status; acceptance still CP6 gate."
ALL-A03,CP6_INHERITED,UPSTREAM_ACCEPTANCE_PENDING,P12;P13,E05;E06,settlement historis / dokumen habis,Import with honest provenance and supported continuation; reconcile quantity/value/source/permission and no invented history. tidak perlu (hanya histori),repo:docs/cp6-au-r1-handoff.md,2290,"Scope inventory §29.6 is historical, not current MAPPED/NO_ADAPTER verdict. Later BB/BC/BD/BE and ALL-C04 errata supersede status; acceptance still CP6 gate."
ALL-C01,CP6_INHERITED,UPSTREAM_ACCEPTANCE_PENDING,P09;P13,E03;E07,aksesori/kain kantong perusahaan,Import with honest provenance and supported continuation; reconcile quantity/value/source/permission and no invented history. `erp_save_accessory_issue_action_v1`; `erp_save_pocket_fabric_action_v1` REGISTER/POST,repo:docs/cp6-au-r1-handoff.md,2297,"Scope inventory §29.6 is historical, not current MAPPED/NO_ADAPTER verdict. Later BB/BC/BD/BE and ALL-C04 errata supersede status; acceptance still CP6 gate."
ALL-C02,CP6_INHERITED,UPSTREAM_ACCEPTANCE_PENDING,P09;P13,E03;E07,nota aksesori mandor sebelum cutover,Import with honest provenance and supported continuation; reconcile quantity/value/source/permission and no invented history. BALANCE: OSS tunai; CASH_ADVANCE: payroll,repo:docs/cp6-au-r1-handoff.md,2298,"Scope inventory §29.6 is historical, not current MAPPED/NO_ADAPTER verdict. Later BB/BC/BD/BE and ALL-C04 errata supersede status; acceptance still CP6 gate."
ALL-C03,CP6_INHERITED,UPSTREAM_ACCEPTANCE_PENDING,P09;P13,E03;E07,titipan/karantina/pemulihan aksesori,Import with honest provenance and supported continuation; reconcile quantity/value/source/permission and no invented history. —,repo:docs/cp6-au-r1-handoff.md,2299,"Scope inventory §29.6 is historical, not current MAPPED/NO_ADAPTER verdict. Later BB/BC/BD/BE and ALL-C04 errata supersede status; acceptance still CP6 gate."
ALL-C04,CP6_INHERITED,UPSTREAM_ACCEPTANCE_PENDING,P09;P13,E03;E07,kain kantong sudah ditarik / periode alokasi terbuka,Import with honest provenance and supported continuation; reconcile quantity/value/source/permission and no invented history. —,repo:docs/cp6-au-r1-handoff.md,2300,"Scope inventory §29.6 is historical, not current MAPPED/NO_ADAPTER verdict. Later BB/BC/BD/BE and ALL-C04 errata supersede status; acceptance still CP6 gate."
ALL-P01,CP6_INHERITED,UPSTREAM_ACCEPTANCE_PENDING,P09;P13,E01;E24,"diterima belum ditagih, sebagian terpakai","Import with honest provenance and supported continuation; reconcile quantity/value/source/permission and no invented history. invoice supplier (`save_material_supplier_invoice_draft_v2` AC:10194, `post_material_supplier_invoice_v2`) → recost origin (AP:6421); bayar `post_supplier_payment` atau APPLY uang muka",repo:docs/cp6-au-r1-handoff.md,2279,"Scope inventory §29.6 is historical, not current MAPPED/NO_ADAPTER verdict. Later BB/BC/BD/BE and ALL-C04 errata supersede status; acceptance still CP6 gate."
ALL-P02,CP6_INHERITED,UPSTREAM_ACCEPTANCE_PENDING,P09;P13,E01;E24,hutang supplier sebagian dibayar,Import with honest provenance and supported continuation; reconcile quantity/value/source/permission and no invented history. OSS cabang supplier; APPLY uang muka supplier ke target OPENING,repo:docs/cp6-au-r1-handoff.md,2280,"Scope inventory §29.6 is historical, not current MAPPED/NO_ADAPTER verdict. Later BB/BC/BD/BE and ALL-C04 errata supersede status; acceptance still CP6 gate."
ALL-P03,CP6_INHERITED,UPSTREAM_ACCEPTANCE_PENDING,P09;P13,E01;E24,terima sebagian ditagih,Import with honest provenance and supported continuation; reconcile quantity/value/source/permission and no invented history. seperti P01 + P02,repo:docs/cp6-au-r1-handoff.md,2281,"Scope inventory §29.6 is historical, not current MAPPED/NO_ADAPTER verdict. Later BB/BC/BD/BE and ALL-C04 errata supersede status; acceptance still CP6 gate."
ALL-P04,CP6_INHERITED,UPSTREAM_ACCEPTANCE_PENDING,P09;P13,E01;E24,PO belum diterima / draf pengadaan,Import with honest provenance and supported continuation; reconcile quantity/value/source/permission and no invented history. —,repo:docs/cp6-au-r1-handoff.md,2282,"Scope inventory §29.6 is historical, not current MAPPED/NO_ADAPTER verdict. Later BB/BC/BD/BE and ALL-C04 errata supersede status; acceptance still CP6 gate."
ALL-S01,CP6_INHERITED,UPSTREAM_ACCEPTANCE_PENDING,P11;P13,E01;E03,invoice penjualan lama belum lunas,Import with honest provenance and supported continuation; reconcile quantity/value/source/permission and no invented history. OSS cabang AR; APPLY uang muka pelanggan ke OPENING,repo:docs/cp6-au-r1-handoff.md,2283,"Scope inventory §29.6 is historical, not current MAPPED/NO_ADAPTER verdict. Later BB/BC/BD/BE and ALL-C04 errata supersede status; acceptance still CP6 gate."
ALL-S02,CP6_INHERITED,UPSTREAM_ACCEPTANCE_PENDING,P11;P13,E01;E03,draf penjualan dengan reservasi,Import with honest provenance and supported continuation; reconcile quantity/value/source/permission and no invented history. —,repo:docs/cp6-au-r1-handoff.md,2284,"Scope inventory §29.6 is historical, not current MAPPED/NO_ADAPTER verdict. Later BB/BC/BD/BE and ALL-C04 errata supersede status; acceptance still CP6 gate."
ALL-S03,CP6_INHERITED,UPSTREAM_ACCEPTANCE_PENDING,P11;P13,E01;E03,retur/kredit/refund pelanggan terbuka,Import with honest provenance and supported continuation; reconcile quantity/value/source/permission and no invented history. PREPAYMENT APPLY/REFUND (BA),repo:docs/cp6-au-r1-handoff.md,2285,"Scope inventory §29.6 is historical, not current MAPPED/NO_ADAPTER verdict. Later BB/BC/BD/BE and ALL-C04 errata supersede status; acceptance still CP6 gate."
ALL-W01,CP6_INHERITED,UPSTREAM_ACCEPTANCE_PENDING,P04;P10,E01;E02,header PO terbuka,Import with honest provenance and supported continuation; reconcile quantity/value/source/permission and no invented history. alur produksi native; guard selesai/batal (AP:6510–6520),repo:docs/cp6-au-r1-handoff.md,2291,"Scope inventory §29.6 is historical, not current MAPPED/NO_ADAPTER verdict. Later BB/BC/BD/BE and ALL-C04 errata supersede status; acceptance still CP6 gate."
ALL-W02,CP6_INHERITED,UPSTREAM_ACCEPTANCE_PENDING,P04;P10,E01;E02,WIP fisik SEWING/LAUNDRY,Import with honest provenance and supported continuation; reconcile quantity/value/source/permission and no invented history. WIP_OUTPUT → `complete_initial_import_wip_v1` (BA): COMPLETE ke FG QC_GOOD / REVERSE,repo:docs/cp6-au-r1-handoff.md,2292,"Scope inventory §29.6 is historical, not current MAPPED/NO_ADAPTER verdict. Later BB/BC/BD/BE and ALL-C04 errata supersede status; acceptance still CP6 gate."
ALL-W03,CP6_INHERITED,UPSTREAM_ACCEPTANCE_PENDING,P04;P10,E01;E02,BS bernilai,Import with honest provenance and supported continuation; reconcile quantity/value/source/permission and no invented history. `erp_save_bs_resolution_action_v1` (BSR:1127): CLASSIFY/REWORK/DISPOSE/HOLD/CLAIM,repo:docs/cp6-au-r1-handoff.md,2293,"Scope inventory §29.6 is historical, not current MAPPED/NO_ADAPTER verdict. Later BB/BC/BD/BE and ALL-C04 errata supersede status; acceptance still CP6 gate."
ALL-W04,CP6_INHERITED,UPSTREAM_ACCEPTANCE_PENDING,P04;P10,E01;E02,potongan menunggu pickup,Import with honest provenance and supported continuation; reconcile quantity/value/source/permission and no invented history. —,repo:docs/cp6-au-r1-handoff.md,2294,"Scope inventory §29.6 is historical, not current MAPPED/NO_ADAPTER verdict. Later BB/BC/BD/BE and ALL-C04 errata supersede status; acceptance still CP6 gate."
ALL-W05,CP6_INHERITED,UPSTREAM_ACCEPTANCE_PENDING,P04;P10,E01;E02,"laundry di luar, cuci gagal, klaim, invoice lama",Import with honest provenance and supported continuation; reconcile quantity/value/source/permission and no invented history. WIP_OUTPUT; OSS AP vendor; APPLY ke invoice vendor,repo:docs/cp6-au-r1-handoff.md,2295,"Scope inventory §29.6 is historical, not current MAPPED/NO_ADAPTER verdict. Later BB/BC/BD/BE and ALL-C04 errata supersede status; acceptance still CP6 gate."
ALL-W06,CP6_INHERITED,UPSTREAM_ACCEPTANCE_PENDING,P04;P10,E01;E02,rework terkirim/sebagian/komponen belum dibayar,Import with honest provenance and supported continuation; reconcile quantity/value/source/permission and no invented history. —,repo:docs/cp6-au-r1-handoff.md,2296,"Scope inventory §29.6 is historical, not current MAPPED/NO_ADAPTER verdict. Later BB/BC/BD/BE and ALL-C04 errata supersede status; acceptance still CP6 gate."
ALL-Y01,CP6_INHERITED,UPSTREAM_ACCEPTANCE_PENDING,P12,E05,upah/reimburse mandor diakui belum dibayar,"Import with honest provenance and supported continuation; reconcile quantity/value/source/permission and no invented history. OSS, tunai saja",repo:docs/cp6-au-r1-handoff.md,2286,"Scope inventory §29.6 is historical, not current MAPPED/NO_ADAPTER verdict. Later BB/BC/BD/BE and ALL-C04 errata supersede status; acceptance still CP6 gate."
ALL-Y02,CP6_INHERITED,UPSTREAM_ACCEPTANCE_PENDING,P12,E05,"jahit/absensi belum disetujui, carry komponen, reimburse belum dialokasi",Import with honest provenance and supported continuation; reconcile quantity/value/source/permission and no invented history. —,repo:docs/cp6-au-r1-handoff.md,2287,"Scope inventory §29.6 is historical, not current MAPPED/NO_ADAPTER verdict. Later BB/BC/BD/BE and ALL-C04 errata supersede status; acceptance still CP6 gate."
AUD-A01,CP6_INHERITED,UPSTREAM_ACCEPTANCE_PENDING,P00;P18,E01;E12;E14,BS/Rework: error transport berstatus dianggap penolakan pasti,Resolve/requalify original finding against current accepted source; P2; eskalasi bila duplikasi native terbukti,ERP_V3_2_Master_Pulih_20260923.md,5767,Historical audit register; status at 18Sep is not current implementation status. Current disposition imported only in P00.
AUD-A02,CP6_INHERITED,UPSTREAM_ACCEPTANCE_PENDING,P00;P18,E01;E12;E14,BS/Rework: envelope invalid dapat dihapus lalu dibaca sebagai tidak ada transaksi,Resolve/requalify original finding against current accepted source; P2,ERP_V3_2_Master_Pulih_20260923.md,5768,Historical audit register; status at 18Sep is not current implementation status. Current disposition imported only in P00.
AUD-A03,CP6_INHERITED,UPSTREAM_ACCEPTANCE_PENDING,P00;P18,E01;E12;E14,Potongan/Pickup: gagal refetch setelah commit tidak mempertahankan pagar writer,Resolve/requalify original finding against current accepted source; P2,ERP_V3_2_Master_Pulih_20260923.md,5769,Historical audit register; status at 18Sep is not current implementation status. Current disposition imported only in P00.
AUD-A04,CP6_INHERITED,UPSTREAM_ACCEPTANCE_PENDING,P00;P18,E01;E12;E14,Parser WIP mengubah field hilang/invalid menjadi nol,Resolve/requalify original finding against current accepted source; P2,ERP_V3_2_Master_Pulih_20260923.md,5770,Historical audit register; status at 18Sep is not current implementation status. Current disposition imported only in P00.
AUD-A05,CP6_INHERITED,UPSTREAM_ACCEPTANCE_PENDING,P00;P18,E01;E12;E14,Input COUNT connected dapat mengubah angka salah menjadi angka sah lain,Resolve/requalify original finding against current accepted source; P2,ERP_V3_2_Master_Pulih_20260923.md,5771,Historical audit register; status at 18Sep is not current implementation status. Current disposition imported only in P00.
AUD-B01,CP6_INHERITED,UPSTREAM_ACCEPTANCE_PENDING,P00;P18,E01;E12;E14,Saldo awal BS invalid menjadi POSTED tanpa kasus BS,Resolve/requalify original finding against current accepted source; P2 terkonfirmasi pada AK,ERP_V3_2_Master_Pulih_20260923.md,5778,Historical audit register; status at 18Sep is not current implementation status. Current disposition imported only in P00.
AUD-B02,CP6_INHERITED,UPSTREAM_ACCEPTANCE_PENDING,P00;P18,E01;E12;E14,Saldo awal WIP negatif menjadi POSTED tanpa jurnal WIP,Resolve/requalify original finding against current accepted source; P2 terkonfirmasi pada AK,ERP_V3_2_Master_Pulih_20260923.md,5779,Historical audit register; status at 18Sep is not current implementation status. Current disposition imported only in P00.
AUD-B03,CP6_INHERITED,UPSTREAM_ACCEPTANCE_PENDING,P00;P18,E01;E12;E14,Preview master VALID walau tipe input akan ditolak saat apply,Resolve/requalify original finding against current accepted source; P3 diagnostik,ERP_V3_2_Master_Pulih_20260923.md,5780,Historical audit register; status at 18Sep is not current implementation status. Current disposition imported only in P00.
AUD-B04,CP6_INHERITED,UPSTREAM_ACCEPTANCE_PENDING,P00;P18,E01;E12;E14,Laporan historis dapat READY walaupun per-date alokasi belum konsisten,Resolve/requalify original finding against current accepted source; P2 terkonfirmasi; kebijakan sebagian pending,ERP_V3_2_Master_Pulih_20260923.md,5781,Historical audit register; status at 18Sep is not current implementation status. Current disposition imported only in P00.
AUD-G01,CP7_INTEGRATION,NOT_RUN,P09,E24,Penerimaan/pembelian frontend belum dibuktikan connected,Resolve/requalify original finding against current accepted source; Gate/roadmap sesuai domain,ERP_V3_2_Master_Pulih_20260923.md,5784,Historical audit register; status at 18Sep is not current implementation status. Current disposition imported only in P00.
AUD-G02,CP7_INTEGRATION,NOT_RUN,P09;P12,E05;E24,Nota Mandor/master aksesori masih mempunyai jalur demo lokal,Resolve/requalify original finding against current accepted source; Gate/roadmap sesuai domain,ERP_V3_2_Master_Pulih_20260923.md,5785,Historical audit register; status at 18Sep is not current implementation status. Current disposition imported only in P00.
AUD-G03,CP7_INTEGRATION,NOT_RUN,P09;P10,E24;E04,Gudang dan Ganti Merek UI belum menjadi bukti ledger nyata,Resolve/requalify original finding against current accepted source; Gate/roadmap sesuai domain,ERP_V3_2_Master_Pulih_20260923.md,5786,Historical audit register; status at 18Sep is not current implementation status. Current disposition imported only in P00.
AUD-G04,CP7_INTEGRATION,NOT_RUN,P11,E01;E03,"Penjualan, pembayaran, retur dan refund belum full UI→ledger terverifikasi",Resolve/requalify original finding against current accepted source; Gate/roadmap sesuai domain,ERP_V3_2_Master_Pulih_20260923.md,5787,Historical audit register; status at 18Sep is not current implementation status. Current disposition imported only in P00.
AUD-G05,CP7_INTEGRATION,NOT_RUN,P12,E05,Absensi/payroll frontend masih state lokal; denominator/upah tidak boleh ditebak,Resolve/requalify original finding against current accepted source; Gate/roadmap sesuai domain,ERP_V3_2_Master_Pulih_20260923.md,5788,Historical audit register; status at 18Sep is not current implementation status. Current disposition imported only in P00.
AUD-G06,CP7_INTEGRATION,NOT_RUN,P13;P15;P16,E06;E08;E17,Layar HPP/finance/close/audit/reminder belum mewakili sumber data resmi,Resolve/requalify original finding against current accepted source; Gate/roadmap sesuai domain,ERP_V3_2_Master_Pulih_20260923.md,5789,Historical audit register; status at 18Sep is not current implementation status. Current disposition imported only in P00.
AUD-G07,CP7_INTEGRATION,NOT_RUN,P18,E14,Cakupan Auth/action/location belum lengkap lintas ERP,Resolve/requalify original finding against current accepted source; Gate/roadmap sesuai domain,ERP_V3_2_Master_Pulih_20260923.md,5790,Historical audit register; status at 18Sep is not current implementation status. Current disposition imported only in P00.
AUD-G08,CP7_INTEGRATION,NOT_RUN,P18,E01;E07,Parser/upload CSV belum punya bukti transport lengkap,Resolve/requalify original finding against current accepted source; Gate/roadmap sesuai domain,ERP_V3_2_Master_Pulih_20260923.md,5791,Historical audit register; status at 18Sep is not current implementation status. Current disposition imported only in P00.
AUD-G09,CP7_INTEGRATION,NOT_RUN,P07;P14,M01;M03;E08,"CP7 perencanaan adaptif masih spesifikasi, bukan fitur teruji",Resolve/requalify original finding against current accepted source; Gate/roadmap sesuai domain,ERP_V3_2_Master_Pulih_20260923.md,5792,Historical audit register; status at 18Sep is not current implementation status. Current disposition imported only in P00.
AUD-G10,CP7.5_FUTURE,FUTURE_GATE,P21,E21,CP7.5 clean baseline/fresh-install equivalence belum terbukti pada produk final,Resolve/requalify original finding against current accepted source; Gate/roadmap sesuai domain,ERP_V3_2_Master_Pulih_20260923.md,5793,Historical audit register; status at 18Sep is not current implementation status. Current disposition imported only in P00.
AUD-G11,CP7C_FUTURE,FUTURE_GATE,P21,E21,"Automation, alert dan disaster recovery mandiri belum diterima",Resolve/requalify original finding against current accepted source; Gate/roadmap sesuai domain,ERP_V3_2_Master_Pulih_20260923.md,5794,Historical audit register; status at 18Sep is not current implementation status. Current disposition imported only in P00.
AUD-G12,CP8_FUTURE,FUTURE_GATE,P21,E21,Go-live/cutover belum diotorisasi atau dibuktikan,Resolve/requalify original finding against current accepted source; Gate/roadmap sesuai domain,ERP_V3_2_Master_Pulih_20260923.md,5795,Historical audit register; status at 18Sep is not current implementation status. Current disposition imported only in P00.
AUD-G13,CP6_INHERITED,UPSTREAM_ACCEPTANCE_PENDING,P00;P18,E01;E12;E14,Pemakaian/retur aksesori internal belum diimplementasikan; policy sebagian belum pasti,Resolve/requalify original finding against current accepted source; Gate/roadmap sesuai domain,ERP_V3_2_Master_Pulih_20260923.md,5796,Historical audit register; status at 18Sep is not current implementation status. Current disposition imported only in P00.
AUD-G14,CP7_INTEGRATION,NOT_RUN,P19,E20;E10,Performa dan cakupan interleaving belum diukur untuk beban pabrik,Resolve/requalify original finding against current accepted source; Gate/roadmap sesuai domain,ERP_V3_2_Master_Pulih_20260923.md,5797,Historical audit register; status at 18Sep is not current implementation status. Current disposition imported only in P00.
AUD-G15,CP7_INTEGRATION,NOT_RUN,P08;P18,E12,Pagar pending mutation belum dibuktikan lintas seluruh layar/tab,Resolve/requalify original finding against current accepted source; Gate/roadmap sesuai domain,ERP_V3_2_Master_Pulih_20260923.md,5798,Historical audit register; status at 18Sep is not current implementation status. Current disposition imported only in P00.
AUD-G16,CP7_INTEGRATION,NOT_RUN,P14;P18,E19,Validasi visual/mobile dan full build terbaru belum dijalankan,Resolve/requalify original finding against current accepted source; Gate/roadmap sesuai domain,ERP_V3_2_Master_Pulih_20260923.md,5799,Historical audit register; status at 18Sep is not current implementation status. Current disposition imported only in P00.
AUD-S01,CP6_INHERITED,UPSTREAM_ACCEPTANCE_PENDING,P00;P18,E01;E12;E14,Harga per lusin mengakibatkan round-trip PCS melalui skala enam desimal,Resolve/requalify original finding against current accepted source; P2 sementara,ERP_V3_2_Master_Pulih_20260923.md,5772,Historical audit register; status at 18Sep is not current implementation status. Current disposition imported only in P00.
AUD-S02,CP6_INHERITED,UPSTREAM_ACCEPTANCE_PENDING,P00;P18,E01;E12;E14,Transfer backdate berpotensi menciptakan selisih nilai persediaan,Resolve/requalify original finding against current accepted source; P2 sementara,ERP_V3_2_Master_Pulih_20260923.md,5773,Historical audit register; status at 18Sep is not current implementation status. Current disposition imported only in P00.
AUD-S03,CP6_INHERITED,UPSTREAM_ACCEPTANCE_PENDING,P00;P18,E01;E12;E14,Transfer melewati baris material nonaktif di loop posting,Resolve/requalify original finding against current accepted source; P2 sementara,ERP_V3_2_Master_Pulih_20260923.md,5774,Historical audit register; status at 18Sep is not current implementation status. Current disposition imported only in P00.
AUD-S04,CP6_INHERITED,UPSTREAM_ACCEPTANCE_PENDING,P00;P18,E01;E12;E14,"Backdate perlu validasi saldo historis per lokasi, bukan hanya saldo terkini",Resolve/requalify original finding against current accepted source; P2 sementara,ERP_V3_2_Master_Pulih_20260923.md,5775,Historical audit register; status at 18Sep is not current implementation status. Current disposition imported only in P00.
AUD-S05,CP6_INHERITED,UPSTREAM_ACCEPTANCE_PENDING,P00;P18,E01;E12;E14,Selector PO dan potongan belum diambil mempunyai batas tanpa navigasi setara,Resolve/requalify original finding against current accepted source; P2 pada skala terdampak,ERP_V3_2_Master_Pulih_20260923.md,5776,Historical audit register; status at 18Sep is not current implementation status. Current disposition imported only in P00.
AUD-S06,CP6_INHERITED,UPSTREAM_ACCEPTANCE_PENDING,P00;P18,E01;E12;E14,Tutup buku membutuhkan satu preflight dan pemeriksaan ulang seluruh blocker,Resolve/requalify original finding against current accepted source; P1 sebelum izin tutup buku produksi,ERP_V3_2_Master_Pulih_20260923.md,5777,Historical audit register; status at 18Sep is not current implementation status. Current disposition imported only in P00.
AUD-T01,CP6_INHERITED,UPSTREAM_ACCEPTANCE_PENDING,P00;P18,E01;E12;E14,"Runner audit terhenti pada dependency drift; perlu kualifikasi delta, bukan hapus guard",Resolve/requalify original finding against current accepted source; P2 gate,ERP_V3_2_Master_Pulih_20260923.md,5782,Historical audit register; status at 18Sep is not current implementation status. Current disposition imported only in P00.
AUD-T02,CP6_INHERITED,UPSTREAM_ACCEPTANCE_PENDING,P00;P18,E01;E12;E14,AL masih draft dan belum terintegrasi sebagai kandidat yang dapat diterima,Resolve/requalify original finding against current accepted source; P2 gate,ERP_V3_2_Master_Pulih_20260923.md,5783,Historical audit register; status at 18Sep is not current implementation status. Current disposition imported only in P00.
BR-T01,BR_INTI,NOT_RUN,P14;P15;P16;P17,E08,Stok/Planner/popup/Business Report/Reminder membaca run+scope+scenario sama,Semua operand/status/narasi konsisten; tidak ada formula cabang,ERP_V3_2_Master_Pulih_20260923.md,2773,
BR-T02,BR_INTI,NOT_RUN,P02;P15;P16,E22,"Buka, hitung, filter, baca riwayat, ekspor dan ACK",Ledger FG/WIP/uang/HPP/reservation sebelum-sesudah identik; hanya state analisis/perhatian sah berubah,ERP_V3_2_Master_Pulih_20260923.md,2774,
BR-T03,BR_INTI,NOT_RUN,P06;P15,O01,"FG18,target48,WIPterarah12,candidateallocation10","Qdasar18, Qbersyarat8; label bersyarat dan syarat kandidat ada",ERP_V3_2_Master_Pulih_20260923.md,2775,
BR-T04,BR_INTI,NOT_RUN,P06,O02,Timeline fixture hari1–10 BR.4,"Saldo akhir14,10,18,14,10,16,20,16,12,8; buffer tidak ganda",ERP_V3_2_Master_Pulih_20260923.md,2776,
BR-T05,BR_INTI,NOT_RUN,P06,O03,Incoming12 dipindah hari3→8,Gapawal hari5 tetap tampak meski total akhir cukup; ETA terlambat tidak hijau palsu,ERP_V3_2_Master_Pulih_20260923.md,2777,
BR-T06,BR_INTI,NOT_RUN,P04;P06;P16,O05;E08,Actual-low tetapi tertutup proyeksi WIP,Dua status berdampingan; actual FG tidak ditambah WIP,ERP_V3_2_Master_Pulih_20260923.md,2778,
BR-T07,CP7_LAMA,NOT_RUN,P08,O04;E10;E20,"Shared kandidat20 antaraA/B, filter hanyaA, halaman lain/two user",Alokasi bersama total≤20; filter tidak mengembalikan kapasitas atau membocorkan scope,ERP_V3_2_Master_Pulih_20260923.md,2779,
BR-T08,CP7_LAMA,NOT_RUN,P04,E02,"Kandidat tanpa SKU, metadata opsional kosong, referensi SKU tarif laundry",Kandidat ditemukan lewat lineage bila cukup; pricing reference bukan finalidentity,ERP_V3_2_Master_Pulih_20260923.md,2780,
BR-T09,CP7_LAMA,NOT_RUN,P04,E02,Revisi/warna/ukuran/bahan konflik,"Match ditolak/PerluCek tepat, bukan fuzzy pasti",ERP_V3_2_Master_Pulih_20260923.md,2781,
BR-T10,CP7_LAMA,NOT_RUN,P04,O15;E02,"Partial jahit/laundry/QC/FG, rework/rewash, BS/missing/stuck/reversal",Sisa sumber unik benar; no multistage atau incoming double-count,ERP_V3_2_Master_Pulih_20260923.md,2782,
BR-T11,CP7_LAMA,NOT_RUN,P05;P11,O06;E01,Draft→posted→return/cancel; cutoff availability dan demand sisa; order hanya jika existing,Efek draft tidak dikurangi dua kali; forecast/order pada bucket sama tidak diduplikasi; kontrol100−24−20=56 dengan asumsi demand residual eksplisit; tidak membuat modul order baru,ERP_V3_2_Master_Pulih_20260923.md,2783,
BR-T12,CP7_LAMA,NOT_RUN,P05;P07,O11;O12;M01;M02,"Stockout, hari tersedia0jual, unknownavailability, promo dan SKUbaru",Perlakuan demand berbeda; no zero demand palsu/mass auto12PCS,ERP_V3_2_Master_Pulih_20260923.md,2784,
BR-T13,CP7_LAMA,NOT_RUN,P07,M03;M04;M05,Forecast horizon/metode/parameter/version/backdated knowledge,"Baseline/gate rev3, no future leakage atau salah klaim akurasi",ERP_V3_2_Master_Pulih_20260923.md,2785,
BR-T14,CP7_LAMA,NOT_RUN,P06,O07,Ukuran total cukup tetapi exact size kurang,"Gap tetap terlihat, tanpa substitusi size fiktif",ERP_V3_2_Master_Pulih_20260923.md,2786,
BR-T15,CP7_LAMA,NOT_RUN,P06,O08,"Qty8→12 oleh policy batch, lusin/PCS serta sisa",Extra4 dan distribusi sah jelas; tidak menjadi seed global atau silent round,ERP_V3_2_Master_Pulih_20260923.md,2787,
BR-T16,CP7_LAMA,NOT_RUN,P03;P14,O17;E23,"SKU Stop/Tunda, tanggal review lewat, merek sama nomorSKU",No startbaru/auto-reactivate; pekerjaan lama tetap terlihat; brand lain terpisah,ERP_V3_2_Master_Pulih_20260923.md,2788,
BR-T17,BR_INTI,NOT_RUN,P13;P15,E04;E06,"Qty lengkap, biaya laundry UNKNOWN/recost pending",Analisis qty berjalan dengan label; margin final/rankingprofit ditahan,ERP_V3_2_Master_Pulih_20260923.md,2789,
BR-T18,BR_INTI,NOT_RUN,P02;P15,E15,Quantity query gagal/timeout/null/partialpagination/lineageconflict,Tidak ada0/Cukup/semuaaman palsu; partial per domain eksplisit,ERP_V3_2_Master_Pulih_20260923.md,2790,
BR-T19,DATA_BERSYARAT,NOT_RUN,P06;P09,O09;E03,"Kebutuhan BOM, issue, pemasangan aktual, sisa teralokasi, retur dan dua skenario",Issue bukan bukti konsumsi; contoh100 kebutuhan/60terpasang/20sisa terverifikasi→40belum terpasang/20tambahan. Issue80 tanpa sumber tidak membuktikan kebutuhan20; ownership/reimburse tidak berubah,ERP_V3_2_Master_Pulih_20260923.md,2791,
BR-T20,DATA_BERSYARAT,NOT_RUN,P06;P09,O09;E24,Kain totalcukup tetapi roll tidak cocok; aksesori pos/used/quarantine,Feasibility dan ready qty sesuai real constraint; transfer/PO tidak otomatis,ERP_V3_2_Master_Pulih_20260923.md,2792,
BR-T21,DATA_BERSYARAT,NOT_RUN,P06,O10,"Gap100, material/capacity60",Tulis gap100/feasible60/unresolved40; bukan shortage60,ERP_V3_2_Master_Pulih_20260923.md,2793,
BR-T22,DATA_BERSYARAT,NOT_RUN,P04;P06,M07,"Kapasitas unknown/overloaded, kalender, ETA asumsi",Tidak mengklaim feasible/tepatwaktu; pekerjaan existing diperhitungkan,ERP_V3_2_Master_Pulih_20260923.md,2794,
BR-T23,CP7_LAMA,NOT_RUN,P06;P14,E08;E19,"Prioritas tie, role-filter, owneroverride dan HPPpending",Tie stabil; alasan/override terlacak; tidak ada hiddenprofitranking,ERP_V3_2_Master_Pulih_20260923.md,2795,
BR-T24,BR_INTI,NOT_RUN,P15,O13,"Growth baseline0, margin27→24, agregasi persen","N/A yang tepat;3 poinpersentase; agregasi dari operand, bukan sumpercent",ERP_V3_2_Master_Pulih_20260923.md,2796,
BR-T25,BR_INTI,NOT_RUN,P11;P13;P15,O14;E03;E06,"Cash actual internaltransfer, unpaidinvoice, AP/ARpartial, refund dan corrections",Kas/revenue/profit/outstanding/duedate tidak tertukar/ganda. Cash forecast bertanggal baru hanya diuji jika scope itu dipilih dan basisnya sah,ERP_V3_2_Master_Pulih_20260923.md,2797,
BR-T26,DATA_BERSYARAT,NOT_RUN,P10;P15,E01;E24,Aging stockcohort dibanding lastmovement,Label benar; seluruhstock tidak diklaim tua hanya dari lastsale,ERP_V3_2_Master_Pulih_20260923.md,2798,
BR-T27,OPTIONAL_NOT_SELECTED,OPTIONAL_NOT_SELECTED,P15,E08,"Analisis perbandingan pihak, hanya bila fitur baru ini dipilih","OPSIONAL: jangan membuat scorecard/ranking vendor atau mandor sebagai gate BR inti. Bila tampilkan perbandingan, basis/sampel/denominator sebanding dan no causal blame tanpa bukti",ERP_V3_2_Master_Pulih_20260923.md,2799,Guard against accidental scope expansion only; no scorecard implementation mandated.
BR-T28,BR_INTI,NOT_RUN,P13;P15,E04;E06,"Contoh pertumbuhan omzet bersamaan laundrydelay, valid HPPdecomposition",Cooccurrence bukan sebab; attribution hanya untuk metode/source sah,ERP_V3_2_Master_Pulih_20260923.md,2800,
BR-T29,BR_INTI,NOT_RUN,P02;P15,E06,Tanggalintrahari/WIB dan perangkattimezone lain,Periode/known/effective/generation terpisah; no shiftdate/dayfull comparison palsu,ERP_V3_2_Master_Pulih_20260923.md,2801,
BR-T30,BR_INTI,NOT_RUN,P13;P15,E06;E09,"Invoice3bulan/backdate/recost, filedreport dan data as-known yang tersedia",Arsip asli utuh; current ditandai stale; revision explicit/scheduled authorized. Tidak rebuild/send semua arsip otomatis; tidak mengarang histori pengetahuan sebelum snapshot tersedia,ERP_V3_2_Master_Pulih_20260923.md,2802,
BR-T31,BR_INTI,NOT_RUN,P08;P15,E09,"Sumber berubah setelah report/draf, stale deeplink","Arsip historis jelas; refresh/revalidate sebelum apply, no qty dariURL",ERP_V3_2_Master_Pulih_20260923.md,2803,
BR-T32,BR_INTI,NOT_RUN,P15,E16;E12,"Doubleclick/retry/ambiguouscommit, duarun/worker",Stable request identity; same retry replay; deliberate refresh versi baru; no doublepublishedcurrent,ERP_V3_2_Master_Pulih_20260923.md,2804,
BR-T33,BR_INTI,NOT_RUN,P02;P15,E14,Viewer/roleinactive/revoked/unauthorized + API/deeplink/export/cache/history,Semua layer fail-closed; totals/metadata tidak bocor,ERP_V3_2_Master_Pulih_20260923.md,2805,
BR-T34,BR_INTI,NOT_RUN,P16,E17,"Temuan yang sama muncul tiap report, ACK/snooze/manualDONE",Incident sama; source tidak resolved palsu; reminder tidak membanjir,ERP_V3_2_Master_Pulih_20260923.md,2806,
BR-T35,BR_INTI,NOT_RUN,P15;P17,E18;E15,Template unknown/candidate/truncated/catatanberbahaya,Tidak menghilangkan caveat/jika; no arbitrarycode/XSS/instructionexecution,ERP_V3_2_Master_Pulih_20260923.md,2807,
BR-T36,BR_INTI,NOT_RUN,P02;P15,E08;E16,Snapshot/metode/policy/template sama; UUID/waktu generate/serialisasi berbeda,Operand/status/narasi dan semantic hash stabil untuk konten sama. Hash artefak byte boleh berbeda karena metadata; canonicalization tidak mengubah chronology bisnis,ERP_V3_2_Master_Pulih_20260923.md,2808,
BR-T37,BR_INTI,NOT_RUN,P02;P19,E20,"Data besar/multipage, beberapa report/user/channel","Complete aggregation, boundedwork, sharedengine; performance dengan angka fixture nyata",ERP_V3_2_Master_Pulih_20260923.md,2809,
BR-T38,CP7_AND_CP7C,NOT_RUN,P15;P16,E16;E17,Generate on-demand; scheduled generation dan delivery diuji pada gate CP7C tersendiri,On-demand teruji tidak berarti scheduler/delivery lulus; reuseV2 dan batas NOT_RUN jelas. Scheduler tidak menjadi blocker tersembunyi BR on-demand; no unauthorized egress,ERP_V3_2_Master_Pulih_20260923.md,2810,"CP7 on-demand required; scheduled generation/delivery is FUTURE_CP7C, no egress now."
BR-T39,BR_INTI,NOT_RUN,P21,E21;E14,Upgrade/rollback/refusal/restore dan secrets/log/cache,"Data/audit terjaga, restoreegressoff; no orphanroute/adapter/schema",ERP_V3_2_Master_Pulih_20260923.md,2811,
BR-T40,BR_INTI,NOT_RUN,P18,E01;E08;E19,Full real-wired flow desktop/mobile/iPad: report→SKU→WIP→draf→validapply→refresh,"Source/Auth/API/DB/UI terhubung; no optimistic seed, role/race/refetch/stale benar; independent gate sesuai scope",ERP_V3_2_Master_Pulih_20260923.md,2812,
CP7-01,CP7_LAMA,NOT_RUN,P03;P14,O17;E23,SKU Stop produksi dengan penjualan tinggi dan stok kosong tidak menghasilkan usulan mulai produksi baru. Penjualan stok tersisa dan transaksi koreksi sah tetap bekerja.,SKU Stop produksi dengan penjualan tinggi dan stok kosong tidak menghasilkan usulan mulai produksi baru. Penjualan stok tersisa dan transaksi koreksi sah tetap bekerja.,ERP_V3_2_Master_Pulih_20260923.md,7032,
CP7-02,CP7_LAMA,NOT_RUN,P03,E23,Stop produksi pada satu merek tidak mengubah SKU bernomor sama di merek lain. Bulk action mengikuti pilihan ukuran/range yang benar.,Stop produksi pada satu merek tidak mengubah SKU bernomor sama di merek lain. Bulk action mengikuti pilihan ukuran/range yang benar.,ERP_V3_2_Master_Pulih_20260923.md,7033,
CP7-03,CP7_LAMA,NOT_RUN,P03;P04,O17;E23,Menghentikan SKU dengan WIP berjalan menampilkan dampak tanpa membatalkan/menghapus WIP. Tanggal evaluasi Tunda tidak mengaktifkan produksi diam-diam.,Menghentikan SKU dengan WIP berjalan menampilkan dampak tanpa membatalkan/menghapus WIP. Tanggal evaluasi Tunda tidak mengaktifkan produksi diam-diam.,ERP_V3_2_Master_Pulih_20260923.md,7034,
CP7-04,CP7_LAMA,NOT_RUN,P04;P06,O05;E02,FG kosong dan WIP yang relevan sudah di laundry menghasilkan informasi pasokan/ETA dan tindakan yang sesuai.,FG kosong dan WIP yang relevan sudah di laundry menghasilkan informasi pasokan/ETA dan tindakan yang sesuai.,ERP_V3_2_Master_Pulih_20260923.md,7035,
CP7-05,CP7_LAMA,NOT_RUN,P04,E02,"WIP tanpa SKU muncul sebagai kandidat dari sumber pola/bahan/ukuran, termasuk ketika metadata opsional SKU kosong.","WIP tanpa SKU muncul sebagai kandidat dari sumber pola/bahan/ukuran, termasuk ketika metadata opsional SKU kosong.",ERP_V3_2_Master_Pulih_20260923.md,7036,
CP7-06,CP7_LAMA,NOT_RUN,P04,E02,"Pola/bahan sama tetapi ukuran, warna, revisi atau proses bertentangan tidak berubah menjadi match pasti.","Pola/bahan sama tetapi ukuran, warna, revisi atau proses bertentangan tidak berubah menjadi match pasti.",ERP_V3_2_Master_Pulih_20260923.md,7037,
CP7-07,CP7_LAMA,NOT_RUN,P04;P08,O04;E10,Satu batch kandidat 40 PCS yang cocok untuk dua SKU tidak dapat menutup total 80 PCS pada satu skenario rencana.,Satu batch kandidat 40 PCS yang cocok untuk dua SKU tidak dapat menutup total 80 PCS pada satu skenario rencana.,ERP_V3_2_Master_Pulih_20260923.md,7038,
CP7-08,CP7_LAMA,NOT_RUN,P03;P04,O15;E02,"Barang yang berpindah tahap atau menjadi FG hanya dihitung sekali. Reversal, partial, BS, missing, rework, dan rewash mempertahankan sisa yang benar.","Barang yang berpindah tahap atau menjadi FG hanya dihitung sekali. Reversal, partial, BS, missing, rework, dan rewash mempertahankan sisa yang benar.",ERP_V3_2_Master_Pulih_20260923.md,7039,
CP7-09,CP7_LAMA,NOT_RUN,P04;P06,O03;E02,Incoming terlambat/ETA tidak diketahui tidak menutup kekurangan sebelum waktunya atau membuat status aman.,Incoming terlambat/ETA tidak diketahui tidak menutup kekurangan sebelum waktunya atau membuat status aman.,ERP_V3_2_Master_Pulih_20260923.md,7040,
CP7-10,CP7_LAMA,NOT_RUN,P05;P11,O06;E01,Draft penjualan dihitung sekali pada availability dan perpindahan ke posted tidak menduplikasi permintaan.,Draft penjualan dihitung sekali pada availability dan perpindahan ke posted tidak menduplikasi permintaan.,ERP_V3_2_Master_Pulih_20260923.md,7041,
CP7-11,CP7_LAMA,NOT_RUN,P05;P06,O11;O19;M01,"Data tipis menghasilkan estimasi berlabel beserta asumsi; angka aktual yang hilang tidak berubah menjadi nol. SKU tanpa histori dapat melihat skenario uji yang jelas, tanpa produksi massal otomatis.","Data tipis menghasilkan estimasi berlabel beserta asumsi; angka aktual yang hilang tidak berubah menjadi nol. SKU tanpa histori dapat melihat skenario uji yang jelas, tanpa produksi massal otomatis.",ERP_V3_2_Master_Pulih_20260923.md,7042,
CP7-12,CP7_LAMA,NOT_RUN,P06,O07;O08,Range/ukuran kurang tetap terdeteksi walaupun total produk cukup. Pembulatan batch dan konversi UOM menjelaskan selisih dan tidak melanggar pembagian ukuran.,Range/ukuran kurang tetap terdeteksi walaupun total produk cukup. Pembulatan batch dan konversi UOM menjelaskan selisih dan tidak melanggar pembagian ukuran.,ERP_V3_2_Master_Pulih_20260923.md,7043,
CP7-13,CP7_LAMA,NOT_RUN,P08;P14,E09;E10,"Status SKU, stok, atau sumber batch berubah setelah draf dibuat: penerapan memeriksa ulang dan tidak memakai snapshot kedaluwarsa secara diam-diam.","Status SKU, stok, atau sumber batch berubah setelah draf dibuat: penerapan memeriksa ulang dan tidak memakai snapshot kedaluwarsa secara diam-diam.",ERP_V3_2_Master_Pulih_20260923.md,7044,
CP7-14,CP7_LAMA,NOT_RUN,P02;P08;P17,E14;E18,"Pengguna tanpa hak tidak dapat mengubah kebijakan, mengonfirmasi rencana, atau mengekspor snapshot berisi data di luar haknya.","Pengguna tanpa hak tidak dapat mengubah kebijakan, mengonfirmasi rencana, atau mengekspor snapshot berisi data di luar haknya.",ERP_V3_2_Master_Pulih_20260923.md,7045,
CP7-15,CP7_LAMA,NOT_RUN,P17,E08;E18,"Snapshot V1 mempertahankan angka sumber, asumsi, tanggal, dan keterbatasan dengan benar. Tidak ada panggilan API AI berbayar atau penulisan balik jawaban secara otomatis. Calculator tetap bekerja ketika ChatGPT tidak tersedia.","Snapshot V1 mempertahankan angka sumber, asumsi, tanggal, dan keterbatasan dengan benar. Tidak ada panggilan API AI berbayar atau penulisan balik jawaban secara otomatis. Calculator tetap bekerja ketika ChatGPT tidak tersedia.",ERP_V3_2_Master_Pulih_20260923.md,7046,
CP7-16,CP7_LAMA,NOT_RUN,P02;P19,E20;E09,"Dataset dengan banyak SKU/batch tidak terpotong oleh batas halaman UI. Hasil perhitungan memiliki waktu, versi rumus, versi kebijakan, serta penelusuran sumber yang dapat direproduksi.","Dataset dengan banyak SKU/batch tidak terpotong oleh batas halaman UI. Hasil perhitungan memiliki waktu, versi rumus, versi kebijakan, serta penelusuran sumber yang dapat direproduksi.",ERP_V3_2_Master_Pulih_20260923.md,7047,
CP7-17,CP7_LAMA,NOT_RUN,P06;P08,O10;E22;M07,Skenario kapasitas yang belum diukur diberi label asumsi; perubahan rencana tetap tidak mengubah stok/jurnal sebelum transaksi operasional yang sah dijalankan.,Skenario kapasitas yang belum diukur diberi label asumsi; perubahan rencana tetap tidak mengubah stok/jurnal sebelum transaksi operasional yang sah dijalankan.,ERP_V3_2_Master_Pulih_20260923.md,7048,
CP7-18,CP7_LAMA,NOT_RUN,P17,E18;E19,"Clipboard/popup ditolak: prompt tetap dapat disalin manual dan ChatGPT dapat dibuka terpisah. UI tidak mengklaim sukses palsu, tidak mengirim data melalui URL, dan tidak menganggap tab terbuka berarti pesan sudah terkirim. Flow diuji pada browser desktop dan perangkat mobile yang dipakai owner.","Clipboard/popup ditolak: prompt tetap dapat disalin manual dan ChatGPT dapat dibuka terpisah. UI tidak mengklaim sukses palsu, tidak mengirim data melalui URL, dan tidak menganggap tab terbuka berarti pesan sudah terkirim. Flow diuji pada browser desktop dan perangkat mobile yang dipakai owner.",ERP_V3_2_Master_Pulih_20260923.md,7049,
CP7-19,CP7_LAMA,NOT_RUN,P07,M03;M04,"Backtest/pemilihan parameter tidak memakai data masa depan, backdated entry yang belum diketahui saat itu, atau periode uji akhir. Horizon evaluasi mengikuti keputusan produksi dan memiliki baseline yang jelas.","Backtest/pemilihan parameter tidak memakai data masa depan, backdated entry yang belum diketahui saat itu, atau periode uji akhir. Horizon evaluasi mengikuti keputusan produksi dan memiliki baseline yang jelas.",ERP_V3_2_Master_Pulih_20260923.md,7050,
CP7-20,CP7_LAMA,NOT_RUN,P05;P07,O11;O12;M02,"Hari nol saat tersedia, hari stockout, dan availability unknown menghasilkan perlakuan yang berbeda. TSB/model lain tidak menafsirkan stockout sebagai bukti permintaan menurun.","Hari nol saat tersedia, hari stockout, dan availability unknown menghasilkan perlakuan yang berbeda. TSB/model lain tidak menafsirkan stockout sebagai bukti permintaan menurun.",ERP_V3_2_Master_Pulih_20260923.md,7051,
CP7-21,CP7_LAMA,NOT_RUN,P07,M01;M05,"Metode fallback dipertahankan bila data tidak cukup atau kandidat tidak memberi manfaat yang memadai. Alasan, versi kebijakan, metrik terdefinisi, bias dan keterbatasan terlihat; tidak mengklaim akurasi bisnis dari seri sintetis.","Metode fallback dipertahankan bila data tidak cukup atau kandidat tidak memberi manfaat yang memadai. Alasan, versi kebijakan, metrik terdefinisi, bias dan keterbatasan terlihat; tidak mengklaim akurasi bisnis dari seri sintetis.",ERP_V3_2_Master_Pulih_20260923.md,7052,
CP7-22,CP7_LAMA,NOT_RUN,P06;P07,M06,Mode buffer hari dan buffer statistik tidak dihitung ganda. Target layanan merupakan kebijakan eksplisit; interval statistik dan skenario WIP dilabeli sesuai maknanya.,Mode buffer hari dan buffer statistik tidak dihitung ganda. Target layanan merupakan kebijakan eksplisit; interval statistik dan skenario WIP dilabeli sesuai maknanya.,ERP_V3_2_Master_Pulih_20260923.md,7053,
CP7-23,CP7_LAMA,NOT_RUN,P02;P08,E22;E10,Menjalankan kalkulasi pada runtime yang diuji tidak mengubah data operasional atau reservation. Hak baca dan penyimpanan analisis terpisah dibuktikan; penerapan rencana selalu memeriksa ulang sumber dan status terbaru.,Menjalankan kalkulasi pada runtime yang diuji tidak mengubah data operasional atau reservation. Hak baca dan penyimpanan analisis terpisah dibuktikan; penerapan rencana selalu memeriksa ulang sumber dan status terbaru.,ERP_V3_2_Master_Pulih_20260923.md,7054,
CP7-24,CP7_LAMA,NOT_RUN,P03;P04,O15;E02,"Satu child batch yang berpindah jahit → DO laundry → receipt → QC → FG hanya menyumbang satu pasokan pada setiap snapshot, termasuk partial receipt dan partial QC.","Satu child batch yang berpindah jahit → DO laundry → receipt → QC → FG hanya menyumbang satu pasokan pada setiap snapshot, termasuk partial receipt dan partial QC.",ERP_V3_2_Master_Pulih_20260923.md,7195,
CP7-25,CP7_LAMA,NOT_RUN,P03;P04,O15;E02,Dua child batch dari satu parent dibedakan dengan benar; batas parent/roll tidak membuat jumlah fisik dapat dipakai dua kali.,Dua child batch dari satu parent dibedakan dengan benar; batas parent/roll tidak membuat jumlah fisik dapat dipakai dua kali.,ERP_V3_2_Master_Pulih_20260923.md,7196,
CP7-26,CP7_LAMA,NOT_RUN,P03;P04,E02;E13,Koreksi potongan sebelum laundry mengubah sisa dan proyeksi size; reversal mengembalikan keadaan melalui event tertaut tanpa menghapus histori.,Koreksi potongan sebelum laundry mengubah sisa dan proyeksi size; reversal mengembalikan keadaan melalui event tertaut tanpa menghapus histori.,ERP_V3_2_Master_Pulih_20260923.md,7197,
CP7-27,CP7_LAMA,NOT_RUN,P04;P12,E02;E05,"Rework GOOD tidak menciptakan produksi baru atau menduplikasi denominator/hasil; rewash, susulan stuck dan BS final mengikuti sisa kumulatif yang benar.","Rework GOOD tidak menciptakan produksi baru atau menduplikasi denominator/hasil; rewash, susulan stuck dan BS final mengikuti sisa kumulatif yang benar.",ERP_V3_2_Master_Pulih_20260923.md,7198,
CP7-28,CP7_LAMA,NOT_RUN,P04,O05;E02,"WIP laundry 60 PCS dengan ETA tepat waktu menutup proyeksi paling banyak sesuai estimasi hasil baik yang beralasan; jumlah dikirim, diterima dan outstanding tidak dijumlahkan.","WIP laundry 60 PCS dengan ETA tepat waktu menutup proyeksi paling banyak sesuai estimasi hasil baik yang beralasan; jumlah dikirim, diterima dan outstanding tidak dijumlahkan.",ERP_V3_2_Master_Pulih_20260923.md,7199,
CP7-29,CP7_LAMA,NOT_RUN,P04,E02,"WIP tanpa final SKU dapat ditemukan dari pola+bahan+size meskipun metadata SKU opsional kosong, tetapi konflik revisi/warna/proses menghasilkan Perlu cek atau Tidak cocok.","WIP tanpa final SKU dapat ditemukan dari pola+bahan+size meskipun metadata SKU opsional kosong, tetapi konflik revisi/warna/proses menghasilkan Perlu cek atau Tidak cocok.",ERP_V3_2_Master_Pulih_20260923.md,7200,
CP7-30,CP7_LAMA,NOT_RUN,P04;P08,O04;E10;E20,Satu kandidat yang kompatibel dengan beberapa SKU mengikuti kapasitas sumber dan skenario global lintas halaman; membuka rekomendasi lain tidak mereset kapasitas lalu mengklaim semua kebutuhan tertutup.,Satu kandidat yang kompatibel dengan beberapa SKU mengikuti kapasitas sumber dan skenario global lintas halaman; membuka rekomendasi lain tidak mereset kapasitas lalu mengklaim semua kebutuhan tertutup.,ERP_V3_2_Master_Pulih_20260923.md,7201,
CP7-31,CP7_LAMA,NOT_RUN,P03;P14,O17;E23,"SKU Stop dengan WIP terarah tetap menampilkan pekerjaan yang perlu diselesaikan/ditinjau dan gap kebutuhan, tetapi kalkulasi ulang tidak membuat usulan start baru.","SKU Stop dengan WIP terarah tetap menampilkan pekerjaan yang perlu diselesaikan/ditinjau dan gap kebutuhan, tetapi kalkulasi ulang tidak membuat usulan start baru.",ERP_V3_2_Master_Pulih_20260923.md,7202,
CP7-32,CP7_LAMA,NOT_RUN,P02;P04,E15;E20,"Query WIP gagal, terpotong, timeout atau memiliki konflik lineage menghasilkan **Belum dapat dipastikan**; UI tidak menampilkan hijau/Cukup dari snapshot parsial.","Query WIP gagal, terpotong, timeout atau memiliki konflik lineage menghasilkan **Belum dapat dipastikan**; UI tidak menampilkan hijau/Cukup dari snapshot parsial.",ERP_V3_2_Master_Pulih_20260923.md,7203,
CP7-33,CP7_LAMA,NOT_RUN,P04;P08,M07;E09,ETA asumsi dan ETA berbasis histori dapat dibedakan. Perubahan kalender/kapasitas atau keterlambatan membuat rekomendasi lama stale dan memicu hitung ulang sebelum penerapan.,ETA asumsi dan ETA berbasis histori dapat dibedakan. Perubahan kalender/kapasitas atau keterlambatan membuat rekomendasi lama stale dan memicu hitung ulang sebelum penerapan.,ERP_V3_2_Master_Pulih_20260923.md,7204,
CP7-34,CP7_LAMA,NOT_RUN,P06,O07,"Kebutuhan size 28–30, 31–33 dan 34–36 direkonsiliasi dengan rincian size; surplus satu size tidak menutupi kekurangan size lain tanpa aturan konversi fisik yang sah.","Kebutuhan size 28–30, 31–33 dan 34–36 direkonsiliasi dengan rincian size; surplus satu size tidak menutupi kekurangan size lain tanpa aturan konversi fisik yang sah.",ERP_V3_2_Master_Pulih_20260923.md,7205,
CP7-35,CP7_LAMA,NOT_RUN,P02;P14;P17,E22,"Menjalankan calculator, membuka popup, drill-down, mengubah filter dan mengekspor Tanya AI tidak mengubah ledger FG/WIP, HPP, jurnal, invoice, potongan atau reservation.","Menjalankan calculator, membuka popup, drill-down, mengubah filter dan mengekspor Tanya AI tidak mengubah ledger FG/WIP, HPP, jurnal, invoice, potongan atau reservation.",ERP_V3_2_Master_Pulih_20260923.md,7206,
CROSS-T01,CP6_INHERITED,UPSTREAM_ACCEPTANCE_PENDING,P18,E01,Opening sah → receipt bahan/aksesori → cutting/pickup → laundry pending → partial QC/FG → invoice laundry,Physical source satu kali; pending cost dan final delta ke state benar,ERP_V3_2_Master_Pulih_20260923.md,4380,Inherited cross-domain acceptance plus downstream regression obligation.
CROSS-T02,CP6_INHERITED,UPSTREAM_ACCEPTANCE_PENDING,P18,E03,GOOD lama → retur/service → 3 aksesori perusahaan terpakai → laundry servis sesuai kontrak,"Tidak membuat produksi/reimburse baru, tidak mengubah AR/refund tanpa transaksi sah",ERP_V3_2_Master_Pulih_20260923.md,4381,Inherited cross-domain acceptance plus downstream regression obligation.
CROSS-T03,CP6_INHERITED,UPSTREAM_ACCEPTANCE_PENDING,P18,E04,"Ganti merek 100 FG, aksesori baru 100, returned old 80+20 rusak, laundry tambahan yang nyata bila ada","Setiap biaya sumber sekali, recovered value tidak ganda, tidak ada FG fiktif",ERP_V3_2_Master_Pulih_20260923.md,4382,Inherited cross-domain acceptance plus downstream regression obligation.
CROSS-T04,CP6_INHERITED,UPSTREAM_ACCEPTANCE_PENDING,P18,E05;E06,Nota aksesori 7 PCS dengan harga per lusin → payroll partial → retur parsial → biaya laundry invoice susulan,"Harga, kasbon dan entitlement terpisah; settlement lama tidak ditimpa; HPP tidak double",ERP_V3_2_Master_Pulih_20260923.md,4383,Inherited cross-domain acceptance plus downstream regression obligation.
CROSS-T05,CP6_INHERITED,UPSTREAM_ACCEPTANCE_PENDING,P18,E12,Respons BS ambigu lalu tindakan Laundry/QC/aksesori pada source terkait dari tab lain,Pagar envelope lintas domain + server capacity; jangan mengandalkan storage saja,ERP_V3_2_Master_Pulih_20260923.md,4384,Inherited cross-domain acceptance plus downstream regression obligation.
CROSS-T06,CP6_INHERITED,UPSTREAM_ACCEPTANCE_PENDING,P18,E06;E21,Semua data final → tanggal laporan lama → close preview → invoice/recost baru race close → restore,Snapshot dan atomic preflight benar; restart/restore memakai source/schema yang sama,ERP_V3_2_Master_Pulih_20260923.md,4385,Inherited cross-domain acceptance plus downstream regression obligation.
LAU-T01,CP6_INHERITED,UPSTREAM_ACCEPTANCE_PENDING,P04;P13;P18,E02;E04;E06,Vendor A/B mempunyai komponen bernama sama tetapi harga berbeda,Resolver hanya memakai vendor/source yang benar; tidak bocor tarif vendor lain,ERP_V3_2_Master_Pulih_20260923.md,4339,Upstream BD/BE acceptance required. Import actual case result from accepted audit; do not infer from historical contract.
LAU-T02,CP6_INHERITED,UPSTREAM_ACCEPTANCE_PENDING,P04;P13;P18,E02;E04;E06,Paket fixed Rp12.000 sudah memuat beberapa komponen,Total 100 PCS=1.200.000; included components tidak ditambahkan lagi,ERP_V3_2_Master_Pulih_20260923.md,4340,Upstream BD/BE acceptance required. Import actual case result from accepted audit; do not infer from historical contract.
LAU-T03,CP6_INHERITED,UPSTREAM_ACCEPTANCE_PENDING,P04;P13;P18,E02;E04;E06,"Garment 5000 + Spray 1000 + Whisker 1000, 100 PCS","Per PCS 7000, total 700000, qty fisik 100 bukan 300",ERP_V3_2_Master_Pulih_20260923.md,4341,Upstream BD/BE acceptance required. Import actual case result from accepted audit; do not infer from historical contract.
LAU-T04,CP6_INHERITED,UPSTREAM_ACCEPTANCE_PENDING,P04;P13;P18,E02;E04;E06,"Semua empat contoh owner dipilih, 100 PCS","Per PCS 12000, total 1200000; tidak hardcode nama/jumlah komponen",ERP_V3_2_Master_Pulih_20260923.md,4342,Upstream BD/BE acceptance required. Import actual case result from accepted audit; do not infer from historical contract.
LAU-T05,CP6_INHERITED,UPSTREAM_ACCEPTANCE_PENDING,P04;P13;P18,E02;E04;E06,Garment 100 PCS dan Spray 40 PCS,Total 540000; source coverage tidak melampaui unit/pekerjaan yang sah,ERP_V3_2_Master_Pulih_20260923.md,4343,Upstream BD/BE acceptance required. Import actual case result from accepted audit; do not infer from historical contract.
LAU-T06,CP6_INHERITED,UPSTREAM_ACCEPTANCE_PENDING,P04;P13;P18,E02;E04;E06,Paket included dan extra yang sama dipilih ulang,Duplikasi biaya ditolak atau extra disahkan sebagai pekerjaan berbeda dengan lineage,ERP_V3_2_Master_Pulih_20260923.md,4344,Upstream BD/BE acceptance required. Import actual case result from accepted audit; do not infer from historical contract.
LAU-T07,CP6_INHERITED,UPSTREAM_ACCEPTANCE_PENDING,P04;P13;P18,E02;E04;E06,Favorit/recipe tersimpan lalu tarif master berubah,Template baru dapat memakai versi baru; transaksi posted lama exact,ERP_V3_2_Master_Pulih_20260923.md,4345,Upstream BD/BE acceptance required. Import actual case result from accepted audit; do not infer from historical contract.
LAU-T08,CP6_INHERITED,UPSTREAM_ACCEPTANCE_PENDING,P04;P13;P18,E02;E04;E06,Rate negatif/NaN/Infinity/format ambigu/overflow,Ditolak atomik; bukan diubah menjadi nol atau angka positif,ERP_V3_2_Master_Pulih_20260923.md,4346,Upstream BD/BE acceptance required. Import actual case result from accepted audit; do not infer from historical contract.
LAU-T09,CP6_INHERITED,UPSTREAM_ACCEPTANCE_PENDING,P04;P13;P18,E02;E04;E06,"Rate benar-benar UNKNOWN, proses/vendor/source valid",Fisik dapat dicatat melalui jalur pending yang disepakati; tidak ada nol palsu/final cost,ERP_V3_2_Master_Pulih_20260923.md,4347,Upstream BD/BE acceptance required. Import actual case result from accepted audit; do not infer from historical contract.
LAU-T10,CP6_INHERITED,UPSTREAM_ACCEPTANCE_PENDING,P04;P13;P18,E02;E04;E06,ESTIMATED/AGREED tetapi invoice belum ada,"Status harga dan invoice berbeda, accrued obligation tidak ganda",ERP_V3_2_Master_Pulih_20260923.md,4348,Upstream BD/BE acceptance required. Import actual case result from accepted audit; do not infer from historical contract.
LAU-T11,CP6_INHERITED,UPSTREAM_ACCEPTANCE_PENDING,P04;P13;P18,E02;E04;E06,FREE configured dengan alasan dibanding rate missing,Nol diketahui berbeda dari null; permission/approval sesuai contract,ERP_V3_2_Master_Pulih_20260923.md,4349,Upstream BD/BE acceptance required. Import actual case result from accepted audit; do not infer from historical contract.
LAU-T12,CP6_INHERITED,UPSTREAM_ACCEPTANCE_PENDING,P04;P13;P18,E02;E04;E06,"Salah satu komponen null, sisanya berharga",Known subtotal tampil; total_complete=false; laporan relevan pending,ERP_V3_2_Master_Pulih_20260923.md,4350,Upstream BD/BE acceptance required. Import actual case result from accepted audit; do not infer from historical contract.
LAU-T13,CP6_INHERITED,UPSTREAM_ACCEPTANCE_PENDING,P04;P13;P18,E02;E04;E06,Query tarif timeout/malformed/overlap,Error tidak menjadi harga sengaja unknown atau fallback fixture,ERP_V3_2_Master_Pulih_20260923.md,4351,Upstream BD/BE acceptance required. Import actual case result from accepted audit; do not infer from historical contract.
LAU-T14,CP6_INHERITED,UPSTREAM_ACCEPTANCE_PENDING,P04;P13;P18,E02;E04;E06,Harga kirim/agreement versi 1; master naik sebelum penerimaan,Dokumen lama tidak otomatis reprice hanya karena waktu kembali berubah,ERP_V3_2_Master_Pulih_20260923.md,4352,Upstream BD/BE acceptance required. Import actual case result from accepted audit; do not infer from historical contract.
LAU-T15,CP6_INHERITED,UPSTREAM_ACCEPTANCE_PENDING,P04;P13;P18,E02;E04;E06,Proses aktual berbeda dari yang diminta,Instruksi original utuh; actual/source adjustment tertaut; review harga terlihat,ERP_V3_2_Master_Pulih_20260923.md,4353,Upstream BD/BE acceptance required. Import actual case result from accepted audit; do not infer from historical contract.
LAU-T16,CP6_INHERITED,UPSTREAM_ACCEPTANCE_PENDING,P04;P13;P18,E02;E04;E06,Invoice 750000 atas estimate 700000 untuk scope 100 PCS,"Final 750000; delta 50000; accrual/AP dan HPP reconcile, fisik tetap",ERP_V3_2_Master_Pulih_20260923.md,4354,Upstream BD/BE acceptance required. Import actual case result from accepted audit; do not infer from historical contract.
LAU-T17,CP6_INHERITED,UPSTREAM_ACCEPTANCE_PENDING,P04;P13;P18,E02;E04;E06,"Invoice awal 40 PCS, sisa 60 PCS menyusul",Quantity/amount coverage diselesaikan bertahap; tidak double accrue/double bill,ERP_V3_2_Master_Pulih_20260923.md,4355,Upstream BD/BE acceptance required. Import actual case result from accepted audit; do not infer from historical contract.
LAU-T18,CP6_INHERITED,UPSTREAM_ACCEPTANCE_PENDING,P04;P13;P18,E02;E04;E06,Satu invoice beberapa kiriman; satu kiriman beberapa invoice,"Exact vendor/source allocations, sisa terlihat, totals source/document/GL cocok",ERP_V3_2_Master_Pulih_20260923.md,4356,Upstream BD/BE acceptance required. Import actual case result from accepted audit; do not infer from historical contract.
LAU-T19,CP6_INHERITED,UPSTREAM_ACCEPTANCE_PENDING,P04;P13;P18,E02;E04;E06,Source component/attempt sama ditagih dengan request ID baru,Capacity/unique business source menolak duplikasi; bukan hanya idempotency,ERP_V3_2_Master_Pulih_20260923.md,4357,Upstream BD/BE acceptance required. Import actual case result from accepted audit; do not infer from historical contract.
LAU-T20,CP6_INHERITED,UPSTREAM_ACCEPTANCE_PENDING,P04;P13;P18,E02;E04;E06,Borongan 100000 pada 100 PCS diterima 40+60,"Total biaya tetap 100000, bukan 200000; alokasi parsial+residual tepat",ERP_V3_2_Master_Pulih_20260923.md,4358,Upstream BD/BE acceptance required. Import actual case result from accepted audit; do not infer from historical contract.
LAU-T21,CP6_INHERITED,UPSTREAM_ACCEPTANCE_PENDING,P04;P13;P18,E02;E04;E06,Diskon invoice/global rounding/multi-line,Line totals+alokasi diskon=invoice=payable/journal; sen tidak diciptakan/dihapus,ERP_V3_2_Master_Pulih_20260923.md,4359,Upstream BD/BE acceptance required. Import actual case result from accepted audit; do not infer from historical contract.
LAU-T22,CP6_INHERITED,UPSTREAM_ACCEPTANCE_PENDING,P04;P13;P18,E02;E04;E06,"Sebagian WIP, sebagian FG, sebagian terjual sebelum invoice final",Delta cost mengikuti source descendants; FG/WIP/COGS/current/as-of reconcile,ERP_V3_2_Master_Pulih_20260923.md,4360,Upstream BD/BE acceptance required. Import actual case result from accepted audit; do not infer from historical contract.
LAU-T23,CP6_INHERITED,UPSTREAM_ACCEPTANCE_PENDING,P04;P13;P18,E02;E04;E06,"Invoice datang 1–3 bulan kemudian, reversal/replacement","Physical unchanged, histori asli utuh, tanggal buku sesuai policy, report tidak false READY",ERP_V3_2_Master_Pulih_20260923.md,4361,Upstream BD/BE acceptance required. Import actual case result from accepted audit; do not infer from historical contract.
LAU-T24,CP6_INHERITED,UPSTREAM_ACCEPTANCE_PENDING,P04;P13;P18,E02;E04;E06,Tarif SKU khusus vs template SKU vs paket dasar,Hanya satu dasar untuk coverage sama; mismatch brand/process/vendor ditolak/direview,ERP_V3_2_Master_Pulih_20260923.md,4362,Upstream BD/BE acceptance required. Import actual case result from accepted audit; do not infer from historical contract.
LAU-T25,CP6_INHERITED,UPSTREAM_ACCEPTANCE_PENDING,P04;P13;P18,E02;E04;E06,WIP belum mempunyai SKU final,Send/receive tidak dipaksa membuat SKU/FG; recipe opsional; output QC tetap sah,ERP_V3_2_Master_Pulih_20260923.md,4363,Upstream BD/BE acceptance required. Import actual case result from accepted audit; do not infer from historical contract.
LAU-T26,CP6_INHERITED,UPSTREAM_ACCEPTANCE_PENDING,P04;P13;P18,E02;E04;E06,Batch campuran tujuan SKU/ukuran dengan rate khusus,Coverage dipecah exact; satu override SKU tidak diterapkan pada semua tanpa dasar,ERP_V3_2_Master_Pulih_20260923.md,4364,Upstream BD/BE acceptance required. Import actual case result from accepted audit; do not infer from historical contract.
LAU-T27,CP6_INHERITED,UPSTREAM_ACCEPTANCE_PENDING,P04;P13;P18,E02;E04;E06,"Paid failed-wash attempt, retry HTTP, actual new attempt",Retry network bukan charge baru; attempt jasa baru sah bisa tercatat; tidak ada GOOD/BS palsu,ERP_V3_2_Master_Pulih_20260923.md,4365,Upstream BD/BE acceptance required. Import actual case result from accepted audit; do not infer from historical contract.
LAU-T28,CP6_INHERITED,UPSTREAM_ACCEPTANCE_PENDING,P04;P13;P18,E02;E04;E06,Rewash dengan policy fee 0,Tidak diwarisi otomatis dari paket normal; perubahan fee perlu versi/otorisasi,ERP_V3_2_Master_Pulih_20260923.md,4366,Upstream BD/BE acceptance required. Import actual case result from accepted audit; do not infer from historical contract.
LAU-T29,CP6_INHERITED,UPSTREAM_ACCEPTANCE_PENDING,P04;P13;P18,E02;E04;E06,Claim aktif lalu barang datang/credit vendor/invoice,Pool custody/claim/settlement consistent; tidak barang pulih+tagihan kompensasi penuh diam-diam,ERP_V3_2_Master_Pulih_20260923.md,4367,Upstream BD/BE acceptance required. Import actual case result from accepted audit; do not infer from historical contract.
LAU-T30,CP6_INHERITED,UPSTREAM_ACCEPTANCE_PENDING,P04;P13;P18,E02;E04;E06,Dua operator menagih kapasitas source yang sama,Satu/dua alokasi sah hanya sampai capacity; oversubscription ditolak atomik,ERP_V3_2_Master_Pulih_20260923.md,4368,Upstream BD/BE acceptance required. Import actual case result from accepted audit; do not infer from historical contract.
LAU-T31,CP6_INHERITED,UPSTREAM_ACCEPTANCE_PENDING,P04;P13;P18,E02;E04;E06,Master/draft berubah ketika posting menunggu lock,Revalidate source/price/version; stale preview tidak menghasilkan harga diam-diam berbeda,ERP_V3_2_Master_Pulih_20260923.md,4369,Upstream BD/BE acceptance required. Import actual case result from accepted audit; do not infer from historical contract.
LAU-T32,CP6_INHERITED,UPSTREAM_ACCEPTANCE_PENDING,P04;P13;P18,E02;E04;E06,"Lost commit response, refetch error, reload/two-tabs",UUID lama dipertahankan; committed tidak diduplikasi; unrelated read tetap boleh,ERP_V3_2_Master_Pulih_20260923.md,4370,Upstream BD/BE acceptance required. Import actual case result from accepted audit; do not infer from historical contract.
LAU-T33,CP6_INHERITED,UPSTREAM_ACCEPTANCE_PENDING,P04;P13;P18,E02;E04;E06,Role null/inactive/revoked/lokasi lain/view-only,Auth/RPC asli menolak; operator fisik tak bisa edit price/approve invoice/pay tanpa hak,ERP_V3_2_Master_Pulih_20260923.md,4371,Upstream BD/BE acceptance required. Import actual case result from accepted audit; do not infer from historical contract.
LAU-T34,CP6_INHERITED,UPSTREAM_ACCEPTANCE_PENDING,P04;P13;P18,E02;E04;E06,Pending price/recost gagal lalu report dan close,Data unknown terlihat; close/report final yang terdampak diblok sesuai policy; tidak mengklaim READY palsu,ERP_V3_2_Master_Pulih_20260923.md,4372,Upstream BD/BE acceptance required. Import actual case result from accepted audit; do not infer from historical contract.
LAU-T35,CP6_INHERITED,UPSTREAM_ACCEPTANCE_PENDING,P04;P13;P18,E02;E04;E06,Legacy snapshot dan upgrade/rollback sebelum/sesudah penggunaan,Nilai posted lama exact; refusal tidak menghapus histori; source/pins/ACL/cleanup benar,ERP_V3_2_Master_Pulih_20260923.md,4373,Upstream BD/BE acceptance required. Import actual case result from accepted audit; do not infer from historical contract.
LAU-T36,CP6_INHERITED,UPSTREAM_ACCEPTANCE_PENDING,P04;P13;P18,E02;E04;E06,"UI desktop/HP, mixed coverage, mode/vendor switch, search large dataset",Harga per PCS/per batch jelas; form tidak stale; actual route/RPC; tidak fixture fallback,ERP_V3_2_Master_Pulih_20260923.md,4374,Upstream BD/BE acceptance required. Import actual case result from accepted audit; do not infer from historical contract.
RMD-T01,CP7_LAMA,NOT_RUN,P16,E17,"Reminder manual create/edit/DONE/CANCELLED, reload dan pindah perangkat","Server menjadi sumber, legacy lifecycle tidak hilang, data tidak kembali ke seed",ERP_V3_2_Master_Pulih_20260923.md,3464,
RMD-T02,CP7_LAMA,NOT_RUN,P16;P02,E14;E17,"Viewer, unauthorized, null/inactive role dan assignee berbeda",Read/write/action scope benar; tombol dan RPC sama-sama menjaga izin,ERP_V3_2_Master_Pulih_20260923.md,3465,
RMD-T03,CP7_LAMA,NOT_RUN,P16,E17,"Threshold 120, qty 121/120/119/0",Comparator persis; boundary equality sesuai policy; nol benar-benar stok habis bukan missing,ERP_V3_2_Master_Pulih_20260923.md,3466,
RMD-T04,CP7_LAMA,NOT_RUN,P16,E17,Qty berulang di sekitar trigger/recovery,Tidak spam/flapping di luar policy; episode dan hysteresis dapat dijelaskan,ERP_V3_2_Master_Pulih_20260923.md,3467,
RMD-T05,CP7_LAMA,NOT_RUN,P16,E17,"threshold 0, threshold null, enabled false, input negatif/NaN/format ambigu",Keadaan berbeda dan parsing fail-closed tanpa silent rounding/clamp,ERP_V3_2_Master_Pulih_20260923.md,3468,
RMD-T06,CP7_LAMA,NOT_RUN,P16;P13,E15;E06,"Query timeout, malformed, null, partial page, stok yang tidak terbaca",Tidak menulis healthy/resolve/0 palsu; kualitas data dan observasi terakhir tetap terlihat,ERP_V3_2_Master_Pulih_20260923.md,3469,
RMD-T07,CP7_LAMA,NOT_RUN,P16,E17,"Override global/kategori/item/lokasi, versi overlap dan perubahan rule",Satu effective policy deterministik; preview sesuai evaluator; histori policy utuh,ERP_V3_2_Master_Pulih_20260923.md,3470,
RMD-T08,CP7_LAMA,NOT_RUN,P16;P09,E24;E03;E17,Stock total cukup tetapi gudang utama rendah; transfer antarlokasi,"Alert scope tepat, total tidak double-count; tindakan transfer hanya dari stok yang eligible",ERP_V3_2_Master_Pulih_20260923.md,3471,
RMD-T09,CP7_LAMA,NOT_RUN,P16;P09,E24;E03;E17,Aksesori baru/bekas/karantina/rusak/customer-owned/pos,Ready quantity hanya sesuai policy; unknown value/condition tidak diam-diam dianggap layak,ERP_V3_2_Master_Pulih_20260923.md,3472,
RMD-T10,CP7_LAMA,NOT_RUN,P16;P09,E24;E03;E17,PCS/lusin/gross/pack serta meter/kg,"Unit threshold/quantity konsisten; COUNT exact, dimensi decimal sah tidak dibulatkan menjadiPCS",ERP_V3_2_Master_Pulih_20260923.md,3473,
RMD-T11,CP7_LAMA,NOT_RUN,P16,E17,Evaluator dua worker atau run yang sama berulang,"Satu incident aktif/episode, observasi tidak menggandakan pekerjaan",ERP_V3_2_Master_Pulih_20260923.md,3474,
RMD-T12,CP7_LAMA,NOT_RUN,P16,E17,ACK/snooze/markmanualDONE pada source otomatis,Perhatian dan fakta dipisah; shortage/invoice tidak selesai palsu; snooze tidak reset umur,ERP_V3_2_Master_Pulih_20260923.md,3475,
RMD-T13,CP7_LAMA,NOT_RUN,P16,E17,Kondisi pulih lalu muncul lagi; rule dinonaktifkan,Episode baru tertaut; disable bukan recovery; recurrence sesuai cooldown,ERP_V3_2_Master_Pulih_20260923.md,3476,
RMD-T14,CP7_LAMA,NOT_RUN,P16;P13,E04;E06;E17,"Laundry UNKNOWN/ESTIMATED/AGREED/FREE, invoice partial/matched/payment","Pemicu dan resolusi per price/invoice/cost source benar, tidak membuat invoice atau harga fiktif",ERP_V3_2_Master_Pulih_20260923.md,3477,
RMD-T15,CP7_LAMA,NOT_RUN,P16;P09,E24;E03;E17,"Return aksesori sisa baru/nota mandor/bongkaran, partial inspection/value pending",Tugas mengikuti source/condition; physical receipt tidak otomatis menyelesaikan valuation/credit,ERP_V3_2_Master_Pulih_20260923.md,3478,
RMD-T16,CP7_LAMA,NOT_RUN,P16;P02,E06;E17,"Backdate, waktu sistem, tanggal buku dan due date reminder",Waktu terpisah; jadwal tidak menggeser transaksi; as-of sesuai policy proyek,ERP_V3_2_Master_Pulih_20260923.md,3479,
RMD-T17,CP7_LAMA,NOT_RUN,P16;P13,E15;E06,Invoice selesai tetapi HPP recost masih pending atau report BLOCKED,Tidak menampilkan nilai final/READY; alert biaya tetap sesuai cakupan yang belum selesai,ERP_V3_2_Master_Pulih_20260923.md,3480,
RMD-T18,CP7C_FUTURE,FUTURE_GATE,P16,E17,Jadwal08.00 WIB di perangkat UTC/Jakarta/zona lain,Occurrence absolut sama; next3times benar; tidak bergantung timezone browser,ERP_V3_2_Master_Pulih_20260923.md,3481,Future full scheduling/transport acceptance. P16 records seam and proves no unauthorized egress; not accepted by CP7 preparation.
RMD-T19,CP7C_FUTURE,FUTURE_GATE,P16,E17,Harian/hari pilihan/sekali/H-minus dueAt,Tidak mengubah deadline domain; hitung next occurrence tepat dan tidak retroactively spam,ERP_V3_2_Master_Pulih_20260923.md,3482,Future full scheduling/transport acceptance. P16 records seam and proves no unauthorized egress; not accepted by CP7 preparation.
RMD-T20,CP7C_FUTURE,FUTURE_GATE,P16,E17,"Quiet hours, critical exception, snooze dan cooldown",Perilaku sesuai konfigurasi/izin; tidak menganggap semua critical boleh menerobos jam tenang,ERP_V3_2_Master_Pulih_20260923.md,3483,Future full scheduling/transport acceptance. P16 records seam and proves no unauthorized egress; not accepted by CP7 preparation.
RMD-T21,CP7C_FUTURE,FUTURE_GATE,P16,E17,"Edit/disable jadwal saat queued, source sudah pulih, pesan kedaluwarsa",Recheck/suppress/regenerate sebelum dispatch; log isi final; yang sudah dikirim tidak diklaim ditarik,ERP_V3_2_Master_Pulih_20260923.md,3484,Future full scheduling/transport acceptance. P16 records seam and proves no unauthorized egress; not accepted by CP7 preparation.
RMD-T22,CP7C_FUTURE,FUTURE_GATE,P16,E17,Scheduler mati lalu pulih setelah banyak missed slots,"Catch-up coalesced sesuai policy, audit missed lengkap, tidak mengirim seluruh backlog mentah",ERP_V3_2_Master_Pulih_20260923.md,3485,Future full scheduling/transport acceptance. P16 records seam and proves no unauthorized egress; not accepted by CP7 preparation.
RMD-T23,CP7C_FUTURE,FUTURE_GATE,P16,E17,Dua worker mencoba occurrence/destination sama,Claim/unique constraint mencegah duplicate intent dan race; bukan hanya useRef browser,ERP_V3_2_Master_Pulih_20260923.md,3486,Future full scheduling/transport acceptance. P16 records seam and proves no unauthorized egress; not accepted by CP7 preparation.
RMD-T24,CP7C_FUTURE,FUTURE_GATE,P16,E17,"Crash sebelum request, setelah request, lease expired, worker lama bangun",Fencing/status benar; no blind resend setelah mungkin terkirim; attempts tidak hilang,ERP_V3_2_Master_Pulih_20260923.md,3487,Future full scheduling/transport acceptance. P16 records seam and proves no unauthorized egress; not accepted by CP7 preparation.
RMD-T25,CP7C_FUTURE,FUTURE_GATE,P16,E17,Provider accepted tetapi tidak ada bukti delivery/read,"UI tetap accepted/unknown yang tepat, tidak mengarang delivered/read/businessDONE",ERP_V3_2_Master_Pulih_20260923.md,3488,Future full scheduling/transport acceptance. P16 records seam and proves no unauthorized egress; not accepted by CP7 preparation.
RMD-T26,CP7C_FUTURE,FUTURE_GATE,P16,E17,"Timeout, 429, 5xx, invalid body, rejection pasti dan lookup status",Classifier diuji per kontrak adapter; UUID/payload/attempt retained bila ambiguous,ERP_V3_2_Master_Pulih_20260923.md,3489,Future full scheduling/transport acceptance. P16 records seam and proves no unauthorized egress; not accepted by CP7 preparation.
RMD-T27,CP7_LAMA,NOT_RUN,P16;P02,E14;E17,"Owner versus mandor/vendor, scope read berubah dan redacted totals",Tidak ada nama/angka/link di luar izin; global source capacity tetap conserved,ERP_V3_2_Master_Pulih_20260923.md,3490,
RMD-T28,CP7C_FUTURE,FUTURE_GATE,P16,E17,Penerima unsubscribe/role revoked/destination diganti sebelum dispatch,Send baru ditahan; failure window sesudah dispatch dicatat tanpa klaim retract mustahil,ERP_V3_2_Master_Pulih_20260923.md,3491,Future full scheduling/transport acceptance. P16 records seam and proves no unauthorized egress; not accepted by CP7 preparation.
RMD-T29,CP7C_FUTURE,FUTURE_GATE,P16,E17,"Preview versus SendTest, secret dan logging",Preview tidak egress; test nyata butuh izin; token/destination sensitif tidak bocor di bundle/log/URL aplikasi,ERP_V3_2_Master_Pulih_20260923.md,3492,Future full scheduling/transport acceptance. P16 records seam and proves no unauthorized egress; not accepted by CP7 preparation.
RMD-T30,CP7C_FUTURE,FUTURE_GATE,P16,E17,Dev/disposable/restore/import jadwal production,"Default disabled, destination allowlist, kill switch; tidak ada pesan ke penerima real",ERP_V3_2_Master_Pulih_20260923.md,3493,Future full scheduling/transport acceptance. P16 records seam and proves no unauthorized egress; not accepted by CP7 preparation.
RMD-T31,CP7C_FUTURE,FUTURE_GATE,P16,E17,"Adapter yang dipilih: rate limit, unsupported capability, opt-in",Batas provider dihormati; tidak menggunakan key pribadi untuk penerima lain atau paid option otomatis,ERP_V3_2_Master_Pulih_20260923.md,3494,Future full scheduling/transport acceptance. P16 records seam and proves no unauthorized egress; not accepted by CP7 preparation.
RMD-T32,CP7_LAMA,NOT_RUN,P17,E18,"Snapshot prompt V1, catatan mirip instruksi, clipboard/popup gagal",Angka/scope/unknown utuh; note data tidak dieksekusi; no paid AI/no query-string prompt,ERP_V3_2_Master_Pulih_20260923.md,3495,
RMD-T33,CP7_LAMA,NOT_RUN,P16,E12;E17,"Double click, reload, envelope corrupt, commit success/refetch fail",Sesuai closure AUD-A01–A03/G15; tidak pakai fixture/UUID baru untuk menutupi state belum pasti,ERP_V3_2_Master_Pulih_20260923.md,3496,
RMD-T34,CP7_LAMA,NOT_RUN,P16,E22,"Evaluate, open, ACK, snooze, send dan prompt export",Snapshot ledger bisnis sebelum/sesudah identik; hanya data monitoring/notification yang berubah sesuai izin,ERP_V3_2_Master_Pulih_20260923.md,3497,
RMD-T35,CP7_AND_CP7C,NOT_RUN,P19;P16,E20;E17,"Banyak barang/penerima/pages, payload terpotong, outbox backlog",Query lengkap/pagination/index terukur; total dan detail tidak mislabeled; pekerjaan bounded,ERP_V3_2_Master_Pulih_20260923.md,3498,In-app completeness now; outbox backlog/delivery capacity at CP7C.
RMD-T36,CP7_AND_CP7C,NOT_RUN,P21;P16,E21,"Upgrade/refusal/rollback/backup-restore, scheduler dan send watermark",Definisi/data/ACL/marker/source pin tepat; cleanup nyata; external send history tidak hilang/terulang,ERP_V3_2_Master_Pulih_20260923.md,3499,CP7 install/recovery now; send watermark/operational DR at CP7C.
UX32-T01,CP7_LAMA,NOT_RUN,P14,E19,Entry Bagi/Buat Potongan dan Stok/Planner membuka hasil yang sama,Run/scenario/source konsisten; no second calculator; form belum disimpan aman,ERP_V3_2_Master_Pulih_20260923.md,2119,Original source crosswalk: BR-T01/T40; WIP-T12
UX32-T02,CP7_LAMA,NOT_RUN,P14,E08;E19,"Kategori/filter, default daftar tindakan, count kartu/SKU/batch",Kategori bukan urutan mutlak; no duplicate intent; cukup/berlebih dapat diakses; count tidak menjumlah unit berbeda,ERP_V3_2_Master_Pulih_20260923.md,2120,Original source crosswalk: BR-T01/T06/T37; RMD-T11
UX32-T03,CP7_LAMA,NOT_RUN,P14;P06,E19;E08,"Ranking lintas kategori, tie, ETA unknown dan biaya pending",Alasan terbaca; urutan stabil; unknown tidak dianggap ringan; no hidden profit rank,ERP_V3_2_Master_Pulih_20260923.md,2121,Original source crosswalk: BR-T22/T23/T36; WIP-T06/T07
UX32-T04,CP7_LAMA,NOT_RUN,P14,O04;E08,Satu batch60 untuk gapA42/B30,"Satu kartu sumber, alokasi42+18≤60, sisa12 bersyarat; alternatif tidak dijumlah",ERP_V3_2_Master_Pulih_20260923.md,2122,Original source crosswalk: BR-T07; WIP-T02
UX32-T05,CP7_LAMA,NOT_RUN,P14;P19,E20;E14,"Filter merek, pagination/group terpotong, role terbatas",Kapasitas global tidak kembali penuh; total lengkap; sumber tersembunyi tidak bocor,ERP_V3_2_Master_Pulih_20260923.md,2123,Original source crosswalk: BR-T07/T18/T33/T37; WIP-T10/T12
UX32-T06,CP7_LAMA,NOT_RUN,P14;P16,E17;E08,Batch sama: telat fisik dan invoice pending; batch berbeda berpola sama,Intent berbeda tidak hilang; fisik pulih tidak menutup invoice; source berbeda tidak dilebur,ERP_V3_2_Master_Pulih_20260923.md,2124,Original source crosswalk: BR-T34; RMD-T14; WIP-T03
UX32-T07,CP7_LAMA,NOT_RUN,P14;P06,O07;O08,Potongan baru berpola sama tetapi beda revisi/material/size/waktu,Hanya kompatibel dikelompokkan; child demand exact; no auto merge; rounding extra terlihat,ERP_V3_2_Master_Pulih_20260923.md,2125,Original source crosswalk: BR-T09/T14/T15/T19/T20/T21
UX32-T08,CP7_LAMA,NOT_RUN,P14;P04,E02,"Detail kecocokan tanpa final SKU, tarif laundry SKU, riwayat tahap",Label/asal benar; pricing bukan hasil final; no multistage doublecount/probabilitas palsu,ERP_V3_2_Master_Pulih_20260923.md,2126,Original source crosswalk: BR-T08/T09/T10; WIP-T03/T04/T05
UX32-T09,CP7_LAMA,NOT_RUN,P08;P14,E09;E10;E12,"Source berubah, partial/QC/reversal, dua user apply dan reload",Refresh/review eksplisit; latest-state/locks/idempotency domain; tidak menerapkan data lama,ERP_V3_2_Master_Pulih_20260923.md,2127,Original source crosswalk: BR-T31/T32/T40; WIP-T08
UX32-T10,CP7_LAMA,NOT_RUN,P14;P08,E22,Open/filter/expand/sort/back/tautan vs susun draft/apply,Read tidak menulis ledger atau reservation; command eksplisit terpisah; no qty dari URL,ERP_V3_2_Master_Pulih_20260923.md,2128,Original source crosswalk: BR-T02/T31; WIP-T12; RMD-T34
UX32-T11,CP7_LAMA,NOT_RUN,P14,E19;E12,"Desktop/HP/iPad, keyboard/fokus/back, form kotor, refetch gagal","Detail satu konteks, no popup stack; tidak lost input/stale success; pesan nyata bukan fixture",ERP_V3_2_Master_Pulih_20260923.md,2129,Original source crosswalk: BR-T35/T40; RMD-T33; AUD-A03/G16
UX32-T12,CP7_LAMA,NOT_RUN,P14;P15;P16,E08;E17;O17,Business Report/Reminder/detail SKU menampilkan sumber grup dan status berbeda,Angka sama pada basis sama; arsip vs current jelas; ACK tidak resolve; Stop tidak start baru,ERP_V3_2_Master_Pulih_20260923.md,2130,Original source crosswalk: BR-T01/T16/T30/T34; WIP-T09/T12
WIP-T01,CP7_LAMA,NOT_RUN,P04;P06,O05,FG18/target 60 dan batch 60 kandidat; belum ada SKU final,"Tidak langsung memberi perintah produksi42; tampilkan gap, kandidat, syarat dan tindakan cekWIP",ERP_V3_2_Master_Pulih_20260923.md,3505,
WIP-T02,CP7_LAMA,NOT_RUN,P08,O04,GapA42 + gapB30 berebut batch 60,Skenario bersama maksimal60; contoh42+18 menyisakanB12; bukanA60+B60,ERP_V3_2_Master_Pulih_20260923.md,3506,
WIP-T03,CP7_LAMA,NOT_RUN,P04,O15;E02,"Partial jahit→DO→receipt→QC→FG, rework/susulan/reversal",Sisa unik tetap satu per snapshot; tidak menjumlah counter historis/incoming yang sama,ERP_V3_2_Master_Pulih_20260923.md,3507,
WIP-T04,CP7_LAMA,NOT_RUN,P04,E02,"Metadata pola/SKU kosong, histori lineage tersedia, referensi tarif laundry SKU",Bisa menilai kandidat bersyarat tanpa mengarang finalSKU; tariff reference tidak menetapkan output,ERP_V3_2_Master_Pulih_20260923.md,3508,
WIP-T05,CP7_LAMA,NOT_RUN,P04,E02,Pola sama tetapi size/revisi/material/warna/proses tidak cocok atau belum diketahui,Reject/PerluCek tepat; tidak dianggap pasti hanya karena nama sama,ERP_V3_2_Master_Pulih_20260923.md,3509,
WIP-T06,CP7_LAMA,NOT_RUN,P06,O03,"WIP tiba terlambat/ETA unknown, actual stok sudah rendah",Tidak menutup gap tanggal awal; actual-low tetap fakta; saran percepat/cek bukan aman palsu,ERP_V3_2_Master_Pulih_20260923.md,3510,
WIP-T07,CP7_LAMA,NOT_RUN,P13;P15,E04;E06,Qty fisik lengkap tetapi biaya laundry UNKNOWN/recost pending,Qty tetap dihitung sesuai sumber; margin tidak dipakai sebagai ranking final; pending terlihat,ERP_V3_2_Master_Pulih_20260923.md,3511,
WIP-T08,CP7_LAMA,NOT_RUN,P08,E10;E11,"Dua user apply rencana yang berbagi source, retry dan snapshot berubah",Satu penerapan sah; revalidate/lock/capacity dan request ID; no double order/source consumption,ERP_V3_2_Master_Pulih_20260923.md,3512,
WIP-T09,CP7_LAMA,NOT_RUN,P03,O17;E23,"SKU STOP/Tunda, nomor SKU sama beda merek","Tidak start otomatis, stok lama tetap dapat diproses sesuai izin; merek lain tidak ikut berubah",ERP_V3_2_Master_Pulih_20260923.md,3513,
WIP-T10,CP7_LAMA,NOT_RUN,P02,E15,"Read-model parsial, row version invalid, source conflict",Tidak ada healthy/0 palsu; planner/reminder sama-sama fail-closed pada scope terdampak,ERP_V3_2_Master_Pulih_20260923.md,3514,
WIP-T11,CP7_LAMA,NOT_RUN,P04;P06,O09;O15,"Incoming sudah diterima, RM sudah di-issue, batch tampil di beberapa tahap",Tidak double netting/double demand; raw/accessory dan WIP tidak mengklaim sumber sama dua kali,ERP_V3_2_Master_Pulih_20260923.md,3515,
WIP-T12,CP7_LAMA,NOT_RUN,P14;P16,E08;E22,Planner/popup/reminder/digest/filter membaca skenario sama,Snapshot/hasil konsisten dan redacted; membuka atau mengirim tidak memutasi ledger/reservasi,ERP_V3_2_Master_Pulih_20260923.md,3516,
