keluarga,transaksi,buku_yang_ditulis,halaman_ui,writer,draft_edit_hapus,koreksi_posted_sah,pembalikan,penghalang_bernama_arah_halaman,skn_inv
Pembelian bahan,Penerimaan bahan (purchase receipt) + roll,"stok bahan, GRNI/AP, HPP bahan","ConnectedProcurementPage, ReceiptCorrectionPanel",save/post_material_purchase_v2; receipt correction (cp7_receipt_fix),TO_VERIFY,TO_VERIFY (RF_*: qty/roll/bahan/nama/tanggal),TO_VERIFY (reverse_material_purchase),TO_VERIFY: roll terpakai → sebut potong/transfer pemakai,"SKN-02,05,13,15,27; INV-K01..K06,S04,H04"
Pembelian bahan,"Invoice supplier (perkiraan→final, terlambat)","GRNI→AP, recost bahan/WIP/FG/COGS",PurchaseInvoicePanel,invoice writers (P09),TO_VERIFY,TO_VERIFY (RF_YEAR_FINAL_INVOICE_PRICE),TO_VERIFY,TO_VERIFY,"SKN-02; INV-H04,H05,K02"
Pembelian bahan,Retur supplier + kredit supplier portabel,"stok bahan, AP, kredit","SupplierReturnPanel, ConnectedSupplierCreditPage",post_material_supplier_return_v2; erp_save_supplier_credit_v1,TO_VERIFY,TO_VERIFY,TO_VERIFY (reverse return; BF_CREDIT_RETURN_IN_USE),TO_VERIFY: kredit teralokasi → sebut nota target,"SKN-04,05; INV-P01,U07; XA14 supplier"
Pembelian bahan,Pembayaran supplier,"kas/bank, AP, jurnal","SupplierPaymentPanel, SupplierPaymentCorrectionPanel",payment writers; supplier payment atomic correction (Native23),n/a (posted langsung?) TO_VERIFY,"TO_VERIFY (jumlah, akun kas, waktu WIB; reverse+post satu transaksi)",TO_VERIFY,TO_VERIFY,"SKN-04,12; INV-U03,U05,U08,K01"
Gudang bahan,Transfer bahan antar gudang,"stok per lokasi, nilai ikut pindah",WarehousePages / ConnectedMaterialsPage,transfer writers (AM/AN),TO_VERIFY,TO_VERIFY,TO_VERIFY,TO_VERIFY: stok negatif kronologis → sebut dokumen pemakai,"SKN-13,14; INV-S02,S03"
Gudang bahan,Hitung bahan / opname / penyesuaian stok bahan,"stok bahan, beban selisih, recost (v2.6.20t facts)","ConnectedMaterialCountPage, ConnectedStockAdjustmentPage",material count/adjustment writers,TO_VERIFY (draft save/edit/delete),"TO_VERIFY (edit posted via pengganti atau ""belum tersedia"")",TO_VERIFY,TO_VERIFY,"SKN-01,13; INV-S01,H03,K07 (fakta append-only)"
Aksesori,Nota ambil aksesori mandor (BC) + retur + pembulatan,"stok aksesori, piutang mandor, payroll carry","ConnectedAccessoryIssuePage, ConnectedNotaPage",erp_save_accessory_issue_action_v1,TO_VERIFY,"TO_VERIFY (koreksi nota atomik Native40, setahun lalu)",TO_VERIFY (BC_ALREADY_REVERSED),TO_VERIFY: nota lunas/payroll → sebut payroll,"SKN-01,06,07,12; INV-U06,U07; ACC-DEC05/06"
Aksesori,Servis aksesori: fill/use/transfer/inspeksi/pemusnahan/penilaian titipan,"stok per zona, beban, pendapatan pemulihan",ConnectedAccessoryServicePage,erp_save_accessory_service_action_v1,TO_VERIFY,TO_VERIFY,TO_VERIFY (FAB cases r12),"TO_VERIFY: kebijakan kosong → ""isi ACC-DEC03/04/07 dulu""","SKN-08,10; INV-POL02; D09"
Produksi,Potong (cutting group) draft → posted → pickup,"stok bahan (issue), WIP, HPP bahan","ConnectedCuttingPage, CuttingCorrectionPanel","erp_save_cutting_group_before_sewing_v2; cutting correction (posted, baru 5 Okt)",TO_VERIFY,TO_VERIFY (posted belum diambil: reopen via inverse; sudah diambil: ?),TO_VERIFY,TO_VERIFY: pickup/jahit sudah jalan → sebut batch,"SKN-12,13,27; INV-S04,S06,K01; CUTTING_SOURCE_CONTRACT"
Produksi,Pickup / sewing terminal / bagi potongan,"WIP per mandor, entitlement upah",ConnectedPickupPage,erp_save_cutting_pickup_v1; erp_record/reverse_sewing_terminal_v1,TO_VERIFY,TO_VERIFY,TO_VERIFY (reverse_sewing_terminal),TO_VERIFY: laundry/QC sudah terima → sebut DO,SKN-12; INV-S06; CP5 lineage
Produksi,Laundry kirim/terima + harga BD + invoice vendor + klaim,"WIP laundry, AP vendor, HPP laundry, kredit klaim","ConnectedLaundryPage, LaundryBdPanel",erp_save_laundry_bd_action_v1; laundry_action POST_RECEIPT,TO_VERIFY,TO_VERIFY (koreksi invoice DEC06 up/down),TO_VERIFY,TO_VERIFY: kebijakan LAU-DEC02/06 kosong → pesan prasyarat posting,"SKN-02,04,05; INV-H06,P01; D10,D12,D13,GBD-03"
Produksi,"QC final → FG (GOOD/BS), BS resolution, rework","FG lot, WIP keluar, BS, HPP FG","ConnectedQcFinalPage, ConnectedBsResolutionPage",erp_save_laundry_qc_action_v1; erp_save_bs_resolution_action_v1; erp_post_final_sku_allocation_v1,TO_VERIFY,"TO_VERIFY (finalisasi QC dari mutasi FG, Native57)",TO_VERIFY (inverse FG opens same inspection),TO_VERIFY: FG sudah terjual → sebut invoice,"SKN-05,12; INV-S07,H02"
Produksi,Konversi produk / redye / kain kantong (BE),"FG lot sumber→target, HPP, pocket fabric","ConnectedProductConversionPage, ConnectedPocketFabricPage",erp_save_product_conversion_action_v1; erp_save_pocket_fabric_action_v1,TO_VERIFY,TO_VERIFY (riwayat konversi R10 immutable),TO_VERIFY (REVERSE),TO_VERIFY,"SKN-20,28; INV-S07,K01"
Barang jadi,Penyesuaian FG / penerimaan FG tanpa sumber (AX),"FG stok/nilai, jurnal","ConnectedFgAdjustmentPage, ConnectedFgStockPage, ConnectedFgBookPage",erp_post/reverse_fg_unsourced_receipt_v1; FG adjustment writers,TO_VERIFY (draft save/edit/delete),TO_VERIFY,TO_VERIFY,TO_VERIFY: lot terjual → sebut invoice,"SKN-08,13; INV-S01,S07,H01; D05"
Penjualan,Invoice penjualan draft → posted (lot/ukuran exact),"FG keluar, COGS, AR, pendapatan","ConnectedSalesPage, SalesDraftPanel",P11 sales writers (SALE_POST/REVERSE),TO_VERIFY (edit/batal draft),TO_VERIFY (koreksi posted atomik),TO_VERIFY (SALE_REVERSE),TO_VERIFY: pembayaran/retur ada → sebut nomor + arah halaman,"SKN-04,05,06,12; INV-S07,U01,P01,R04"
Penjualan,"Pembayaran pelanggan (parsial, lebih, uang muka, refund)","kas, AR, uang muka","SalesPaymentPanel, SalesPaymentCorrectionPanel, ConnectedReceivablesPage",PAYMENT_REVERSE + correction,TO_VERIFY,TO_VERIFY,TO_VERIFY,TO_VERIFY,"SKN-04; INV-U07,P02"
Penjualan,"Retur pelanggan (sebagian, setelah bayar, setelah koreksi) + refund","FG masuk sesuai kondisi, AR/refund/kas","SalesReturnPanel, SalesReturnCorrectionPanel",RETURN_REVERSE + correction; return replacement (belum: stok/HPP/tanggal),TO_VERIFY,"TO_VERIFY (penggantian retur BELUM, per writer)",TO_VERIFY,TO_VERIFY,"SKN-05,12; INV-S07,K02"
Penjualan,Rollback rantai penjualan utuh (sale+payment+return atomik),semua buku terkait,SalesChainReversalPanel,"cp7_sales_chain (nested PAYMENT/RETURN/SALE_REVERSE, satu UUID luar)",n/a,TO_VERIFY (first1766 INCOMPLETE 5/16; perbaikan admission di head),TO_VERIFY (atomik: satu gagal → semua batal),TO_VERIFY: stok FG negatif → pesan Native persis,"SKN-10,12; INV-C03,C04,U03"
Tenaga kerja,Absensi periode (approve/post/reverse) + HPP pool,"beban upah, utang upah, HPP per PO",ConnectedAttendancePage,erp_save/post/reverse_attendance_period_v1; erp_create/cancel_attendance_hpp_pool_v1,TO_VERIFY,TO_VERIFY (edit atomik tersedia?),TO_VERIFY,TO_VERIFY: payroll sudah bayar → sebut payroll,"SKN-03,12; INV-U04,U08; CP3 approve/paid once"
Tenaga kerja,"Payroll (nota mandor, potongan, kasbon, cicilan, pembayaran)","utang upah, kas, piutang mandor","ConnectedPayrollPage, PayrollInstallmentPanel",payroll writers; 7 jenis jurnal PAYROLL_*,TO_VERIFY,TO_VERIFY,TO_VERIFY,TO_VERIFY,"SKN-04,12; INV-U04,U07; ACC-DEC05 carry"
Keuangan,"Transaksi kas/bank lain (misc finance), scrap","kas, beban/pendapatan","MiscFinancePanel, ConnectedCashLedgerPage, ConnectedJournalPage","misc correction (Native20 atomic, tanggal lama)",TO_VERIFY,TO_VERIFY,TO_VERIFY,TO_VERIFY: periode tertutup → sebut periode + arah,"SKN-03,09; INV-T02,U05,K02"
Keuangan,Tutup buku / buka kembali periode,semua buku per tanggal,FinancePeriodPanel,erp_close_accounting_through_v1; cp7_period,n/a,TO_VERIFY (koreksi ke periode tertutup: tanggal ekonomi asal + pengakuan periode terbuka),TO_VERIFY (reopen),TO_VERIFY: kebijakan POLICY_REQUIRED → sebut kategori,"SKN-03; INV-T02,T04,L04"
Keuangan,Recost queue / HPP bertanggal (AY/AZ),"nilai persediaan, COGS, WIP per tanggal","RecostQueuePanel, ConnectedSkuHppPage",recost engine (v2.6.20t facts),n/a,n/a (turunan; buka sumber),n/a,n/a,"INV-H03,H05,D01..D04; W8/T3-A"
Saldo awal,"Impor saldo awal (ALL 22 template, uang muka, klaim laundry lama)","stok, WIP, AP/AR, uang muka, upah",ConnectedInitialImportPage,erp_save_initial_import_action_v1,TO_VERIFY (draft edit sebelum sah),TO_VERIFY (pengganti setelah sah?),TO_VERIFY (reversible flag; F4),TO_VERIFY,"SKN-16; INV-M01..M03; D01..D06, GBD-03"
Buku turunan,Baris stok/kas/jurnal/HPP/piutang membuka dokumen sumber,(baca saja),"ConnectedFgBookPage, ConnectedCashLedgerPage, ConnectedJournalPage, ConnectedReceivablesPage","readers (source drill-down, 25-row page)",n/a,n/a: tidak ada pembalikan kedua dari baris turunan,n/a,"TO_VERIFY: target hilang → menolak, bukan menampilkan dokumen lain","INV-L01,L06; USER_TRANSACTION_TOOLS"
Master & pengaturan,"SKU/range komersial, pola, kebijakan, roster, tarif harian","(konfigurasi bertanggal, versi)","ConnectedSkuMasterPage, MasterDataPages, NativeReminderPolicyPanel",erp_save_sku_action_v1; erp_save_pattern_v1; set_*_policy,TO_VERIFY,"n/a: versi bertanggal, snapshot historis tidak diedit",n/a,TO_VERIFY: master terpakai → penghalang/penonaktifan,"SKN-20,28; INV-POL01..05, K01"
Perencanaan & laporan,"Rencana potong (P08 draft/apply), BR laporan, reminder episode, Tanya AI",(baca; apply hanya lewat command sah),"NativePlanDraftPanel, NativeProductionPlanningPanel, NativeObligationReportsPanel, OperationsAdminPages",P08 SAVE_DRAFT/apply bridge; report publish; reminder ACK/snooze,TO_VERIFY (draft rencana),"n/a (laporan lama immutable, revisi baru tertaut)",n/a,"TO_VERIFY: input unknown → ""perlu cek data"" bukan angka","SKN-17,18,29; INV-R01..R09,L02,N01,N02"
